,0,1,2,0,1,2
0,0.75462526,0.5226483,0.013973115,0.75,0.28571428571428575,0.0338463139368564
1,0.74361706,0.5391694,0.015731618,1.0,0.14285714285714296,0.044467990241237355
2,0.7314062,0.56039995,0.019617088,1.0,0.28571428571428575,0.0
3,0.73898005,0.5332381,0.020018037,1.0,0.28571428571428575,0.0323782958221926
4,0.78488064,0.48039743,0.0069305357,1.0,0.28571428571428575,0.017163016372776434
5,0.7695048,0.5164037,0.0013543032,0.75,0.28571428571428575,0.0
6,0.7658038,0.50178504,0.0077832304,1.0,0.14285714285714296,0.03996958851324739
7,0.7952604,0.46837795,0.00826983,0.75,0.42857142857142855,0.0
8,0.7868891,0.47642773,0.008504948,1.0,0.28571428571428575,0.0
9,0.8055875,0.4685067,0.0011335276,0.75,0.14285714285714296,0.05173551507026831
10,0.7530211,0.52819794,0.0058711134,1.0,0.0,0.023484807756764817
11,0.7480267,0.52353543,0.014898915,1.0,0.14285714285714296,0.0
12,0.7764124,0.50319475,0.010224635,1.0,0.14285714285714296,0.0
13,0.78162426,0.48335963,0.0050400626,1.0,0.28571428571428575,0.020746812097403342
14,0.78950155,0.48556066,0.009647761,1.0,0.28571428571428575,0.0
15,0.76207,0.5190849,0.012525158,0.75,0.42857142857142855,0.0
16,0.74053097,0.5346458,0.017578037,1.0,0.14285714285714296,0.0
17,0.75206375,0.5149678,0.01706393,1.0,0.28571428571428575,0.0
18,0.7682384,0.5002544,0.0043602698,1.0,0.28571428571428575,0.0
19,0.7866484,0.4769956,0.008747743,1.0,0.14285714285714296,0.0
20,0.7946124,0.47676778,0.0110936295,1.0,0.14285714285714296,0.0
21,0.7797544,0.48963788,0.005686652,1.0,0.14285714285714296,0.0
22,0.79352546,0.47379386,0.003064707,0.75,0.42857142857142855,0.0
23,0.73685676,0.5374313,0.02044839,1.0,0.14285714285714296,0.0
24,0.75325656,0.5201424,0.015855722,0.75,0.42857142857142855,0.0
25,0.7394054,0.530941,0.022866582,0.75,0.28571428571428575,0.0
26,0.7499349,0.5210379,0.013406223,1.0,0.42857142857142855,0.03408544408515382
27,0.73428077,0.54846895,0.01840468,1.0,0.42857142857142855,0.0
28,0.7562765,0.51375204,0.013911061,1.0,0.42857142857142855,0.0202104034510537
29,0.7292538,0.5592567,0.017549057,0.5,0.5714285714285714,0.02746943033544897
30,0.7627978,0.50110245,0.012646116,1.0,0.28571428571428575,0.0
31,0.78106123,0.48144853,0.008894054,0.75,0.28571428571428575,0.0
32,0.7772736,0.49815023,0.0114862565,1.0,0.14285714285714296,0.0
33,0.7660399,0.50379217,0.0043999366,0.75,0.42857142857142855,0.0
34,0.7618903,0.50216454,0.011247106,0.75,0.42857142857142855,0.0
35,0.76954067,0.50727654,0.011197565,0.75,0.42857142857142855,0.0
36,0.77595115,0.49287188,0.003530465,1.0,0.42857142857142855,0.0
37,0.76788694,0.49730572,0.009333707,1.0,0.28571428571428575,0.0
38,0.7496588,0.5306272,0.020031808,0.75,0.5714285714285714,0.020875217932018415
39,0.77651703,0.4887281,0.009580579,0.75,0.5714285714285714,0.0
40,0.7614268,0.518627,0.0034855008,1.0,0.28571428571428575,0.0
41,0.7631769,0.50184804,0.014122006,0.75,0.14285714285714296,0.0
42,0.7588255,0.5180707,0.016072758,1.0,0.14285714285714296,0.014038188800482335
43,0.78208435,0.49226612,0.013843734,1.0,0.14285714285714296,0.0
44,0.7487992,0.5184134,0.019238222,1.0,0.28571428571428575,0.03477346046154511
45,0.7983863,0.46361294,0.009145021,1.0,0.28571428571428575,0.0
46,0.7364419,0.5378773,0.024791406,1.0,0.28571428571428575,0.0
47,0.7769618,0.48665035,0.009728586,0.75,0.42857142857142855,0.017674869539887766
48,0.7356744,0.5502084,0.021571323,1.0,0.42857142857142855,0.015481517587097295
49,0.74831307,0.532131,0.008507747,1.0,0.28571428571428575,0.018736887446119437
50,0.75186265,0.5292606,0.016778331,1.0,0.28571428571428575,0.0
51,0.7698052,0.52036417,0.011107594,1.0,0.28571428571428575,0.0
52,0.739918,0.54370135,0.011879014,1.0,0.28571428571428575,0.0
53,0.7565979,0.5226901,0.01708256,1.0,0.28571428571428575,0.018018838925830942
54,0.76651967,0.5023174,0.006296128,1.0,0.14285714285714296,0.0
55,0.73400754,0.55358046,0.025514469,1.0,0.42857142857142855,0.0
56,0.7682216,0.5448393,0.009392871,0.5,0.7142857142857144,0.0
57,0.798046,0.46994764,0.0038505457,1.0,0.28571428571428575,0.0
58,0.77567625,0.5091826,0.010093147,1.0,0.14285714285714296,0.027928402582601444
59,0.7803422,0.4982368,0.012131559,1.0,0.14285714285714296,0.0
60,0.7241806,0.5352242,0.015817376,0.75,0.42857142857142855,0.020725397643475866
61,0.7364347,0.5354154,0.019299034,1.0,0.14285714285714296,0.0
62,0.7532878,0.51021826,0.014352661,0.75,0.5714285714285714,0.08170858337464361
63,0.74715143,0.52453375,0.015172046,0.75,0.28571428571428575,0.0
64,0.74648887,0.5202912,0.009964636,1.0,0.42857142857142855,0.0
65,0.7346659,0.5490691,0.019838735,1.0,0.28571428571428575,0.0
66,0.7706989,0.49814433,0.004437363,0.75,0.42857142857142855,0.0
67,0.77027357,0.49284297,0.013990901,1.0,0.14285714285714296,0.0
68,0.7363473,0.5385438,0.020995587,1.0,0.28571428571428575,0.0
69,0.78213644,0.48235375,0.008267719,0.75,0.28571428571428575,0.0
70,0.7954247,0.4782884,0.009863863,1.0,0.28571428571428575,0.0
71,0.798401,0.47498426,0.010228973,1.0,0.28571428571428575,0.0
72,0.7449933,0.5355228,0.011500275,0.75,0.42857142857142855,0.0
73,0.76773083,0.49884585,0.007757645,0.75,0.42857142857142855,0.0
74,0.78083384,0.49639595,0.01028196,1.0,0.28571428571428575,0.0
75,0.7553031,0.5248491,0.015023593,1.0,0.28571428571428575,0.0
76,0.75773853,0.51118165,0.013225406,1.0,0.28571428571428575,0.0
77,0.7587398,0.5221652,0.014387554,1.0,0.42857142857142855,0.0
78,0.7678456,0.5146402,0.010735821,1.0,0.28571428571428575,0.0
79,0.7442811,0.54545444,0.015486319,1.0,0.28571428571428575,0.02048525461454239
80,0.7753029,0.49442542,0.0059864074,1.0,0.28571428571428575,0.0
81,0.75937116,0.51722693,0.019201353,1.0,0.0,0.025625567813826137
82,0.77327645,0.48771465,0.0102701485,0.75,0.5714285714285714,0.022912101420173494
83,0.7523694,0.51117754,0.018251922,1.0,0.28571428571428575,0.012969932046806534
84,0.734769,0.55026966,0.01918311,1.0,0.28571428571428575,0.0
85,0.7768768,0.48626393,0.010468224,1.0,0.28571428571428575,0.0
86,0.7554633,0.51436263,0.014182456,0.75,0.42857142857142855,0.06142602910240325
87,0.7714492,0.49067277,0.011525126,1.0,0.5714285714285714,0.0
88,0.7477989,0.5227932,0.014754444,1.0,0.42857142857142855,0.0
89,0.7474838,0.53083986,0.013110578,1.0,0.28571428571428575,0.019245520019898633
90,0.8026689,0.47127986,0.008434862,1.0,0.28571428571428575,0.0
91,0.76673186,0.5094023,0.015720474,1.0,0.42857142857142855,0.0
92,0.77391815,0.5025055,0.01036798,0.75,0.42857142857142855,0.0
93,0.768606,0.50921637,0.013813285,0.75,0.5714285714285714,0.0
94,0.7511179,0.545354,0.01012367,0.75,0.5714285714285714,0.0
95,0.7780491,0.49653763,0.009808881,1.0,0.42857142857142855,0.0
96,0.7651579,0.5133276,0.011694031,0.75,0.42857142857142855,0.0
97,0.7607542,0.52351964,0.006862797,1.0,0.28571428571428575,0.0
98,0.7571715,0.5237215,0.014742255,0.75,0.42857142857142855,0.0
99,0.7489801,0.5335742,0.019336458,1.0,0.42857142857142855,0.0
100,0.73084605,0.55831593,0.016931802,0.75,0.42857142857142855,0.04364286521144739
101,0.740926,0.527648,0.009854499,0.75,0.5714285714285714,0.0
102,0.80298537,0.46070942,0.0067398585,1.0,0.42857142857142855,0.013114413665722774
103,0.7476576,0.52228254,0.0067984015,0.75,0.5714285714285714,0.0
104,0.7673057,0.49892837,0.010725265,0.75,0.7142857142857144,0.022786202921548763
105,0.79603696,0.4708648,0.00019584224,0.75,0.5714285714285714,0.0
106,0.7804823,0.48074543,-0.00018819794,1.0,0.14285714285714296,0.0
107,0.7488951,0.5215194,0.015433289,1.0,0.42857142857142855,0.0
108,0.73677653,0.52596277,0.018233687,1.0,0.28571428571428575,0.0
109,0.756234,0.5154306,0.011234272,0.75,0.42857142857142855,0.03686457164037245
110,0.73679626,0.5522461,0.019399643,1.0,0.42857142857142855,0.0
111,0.75568616,0.5309272,0.01477615,0.75,0.5714285714285714,0.0
112,0.8014536,0.46241874,0.0028722845,1.0,0.28571428571428575,0.0
113,0.7775193,0.5009154,0.010654846,1.0,0.28571428571428575,0.0
114,0.75296485,0.5225817,0.019327283,1.0,0.28571428571428575,0.0
115,0.7512829,0.5422602,0.014563145,1.0,0.42857142857142855,0.0
116,0.769084,0.49745458,0.007079942,1.0,0.28571428571428575,0.0
117,0.7747678,0.48918897,0.009464884,1.0,0.42857142857142855,0.0
118,0.7835737,0.4901217,0.011016823,1.0,0.42857142857142855,0.0
119,0.7467896,0.5463527,0.015833464,1.0,0.28571428571428575,0.0297112982788424
120,0.73468274,0.533682,0.022353733,0.75,0.5714285714285714,0.0
121,0.7553301,0.5122843,0.01600427,0.75,0.7142857142857144,0.0
122,0.7326566,0.5554564,0.01715142,1.0,0.28571428571428575,0.0
123,0.7462652,0.5236971,0.017045408,1.0,0.28571428571428575,0.0
124,0.7510432,0.5226246,0.0147142075,1.0,0.5714285714285714,0.0
125,0.7358024,0.54322785,0.018413318,0.75,0.5714285714285714,0.0
126,0.74065775,0.5306745,0.018498156,1.0,0.42857142857142855,0.0
127,0.7574008,0.5132419,0.012571126,0.5,0.8571428571428572,0.0
128,0.7374483,0.53750837,0.023621056,1.0,0.42857142857142855,0.0
129,0.7269922,0.55305576,0.01747908,0.75,0.5714285714285714,0.0
130,0.73466665,0.55405766,0.012969751,1.0,0.28571428571428575,0.0
131,0.8047577,0.47288293,0.007089654,1.0,0.42857142857142855,0.0
132,0.7803696,0.4814861,0.009328285,1.0,0.28571428571428575,0.0
133,0.7940752,0.46822843,0.005757097,1.0,0.42857142857142855,0.0
134,0.73794353,0.54122174,0.0138665605,0.75,0.5714285714285714,0.0
135,0.7745167,0.5049235,0.011012772,1.0,0.42857142857142855,0.0
136,0.7892842,0.49531823,0.006076051,1.0,0.42857142857142855,0.01897922629413807
137,0.7664974,0.4991777,0.013732504,0.75,0.7142857142857144,0.0
138,0.7247882,0.56981826,0.01654936,1.0,0.28571428571428575,0.0
139,0.76722926,0.50927496,0.016351175,1.0,0.42857142857142855,0.0
140,0.7309198,0.5600565,0.014629118,0.75,0.5714285714285714,0.0
141,0.72382826,0.5260577,0.014531694,0.75,0.5714285714285714,0.016152518255212838
142,0.7598722,0.5080363,0.015229063,1.0,0.28571428571428575,0.022736061308905757
143,0.74577755,0.5247756,0.007076869,1.0,0.28571428571428575,0.021678009624489254
144,0.7364639,0.55031675,0.011626482,0.75,0.5714285714285714,0.0
145,0.761786,0.50535464,0.012991497,1.0,0.42857142857142855,0.0
146,0.7924808,0.4695053,0.008671762,0.75,0.5714285714285714,0.0
147,0.7595811,0.50658023,0.013713736,1.0,0.28571428571428575,0.016229420239009376
148,0.7269958,0.54289085,0.017239481,1.0,0.42857142857142855,0.0249375233599446
149,0.78357553,0.47419226,0.0056432374,0.75,0.5714285714285714,0.0
150,0.73783886,0.5347607,0.024164066,0.75,0.5714285714285714,0.0
151,0.7366574,0.5663728,0.015853874,1.0,0.28571428571428575,0.0
152,0.76860493,0.51369655,0.01049342,1.0,0.42857142857142855,0.0
153,0.7485076,0.5296793,0.01989862,0.75,0.7142857142857144,0.0
154,0.75369084,0.53369343,0.012843404,1.0,0.42857142857142855,0.0
155,0.7542648,0.5121947,0.012459444,1.0,0.5714285714285714,0.0
156,0.7652426,0.51183563,0.015556727,1.0,0.5714285714285714,0.0
157,0.7798822,0.48265588,0.010183034,1.0,0.42857142857142855,0.0
158,0.7429298,0.54668766,0.019691003,0.75,0.7142857142857144,0.0
159,0.7358575,0.5432253,0.016905246,1.0,0.42857142857142855,0.0
160,0.7560207,0.5216336,0.0072631203,0.75,0.5714285714285714,0.02365029225600404
161,0.7370865,0.54080784,0.020998117,0.75,0.42857142857142855,0.024805155832596324
162,0.77275866,0.50009906,0.0036302805,0.75,0.42857142857142855,0.030145919769816693
163,0.76856893,0.49573892,0.012587547,0.75,0.42857142857142855,0.0
164,0.74069166,0.54669964,0.011931028,1.0,0.42857142857142855,0.0
165,0.75412333,0.5164584,0.010135595,0.5,0.5714285714285714,0.2480483753302767
166,0.7988978,0.46694756,0.0048551206,0.75,0.5714285714285714,0.01625430683906971
167,0.74904025,0.5203473,0.015412994,1.0,0.42857142857142855,0.016308081769735316
168,0.7565361,0.5133946,0.014223225,1.0,0.42857142857142855,0.03337674789288229
169,0.76778126,0.50304675,0.0046073254,0.75,0.5714285714285714,0.060280074077937604
170,0.7620611,0.5183826,0.018073315,0.5,0.8571428571428572,0.0
171,0.8025782,0.46538204,0.00027438626,1.0,0.42857142857142855,0.0
172,0.7879443,0.48961297,0.009405568,0.75,0.5714285714285714,0.0
173,0.7467957,0.55547434,0.013636643,0.5,0.7142857142857144,0.0
174,0.73780423,0.55074316,0.018446524,0.5,0.5714285714285714,0.0
175,0.76932156,0.4988464,0.003369119,0.5,0.7142857142857144,0.0
176,0.7791342,0.5002909,0.00754153,1.0,0.28571428571428575,0.0382779066632965
177,0.76876754,0.5115819,0.013199663,1.0,0.42857142857142855,0.0
178,0.7690685,0.49613726,0.00909329,0.75,0.5714285714285714,0.0
179,0.7602973,0.52203476,0.010948982,1.0,0.28571428571428575,0.0
180,0.76854336,0.4952443,0.012808092,0.5,0.5714285714285714,0.07245768060373114
181,0.7346677,0.5477441,0.020860989,0.75,0.5714285714285714,0.0
182,0.7532414,0.5196895,0.011557203,0.75,0.42857142857142855,0.022587499480493965
183,0.7513482,0.51950824,0.013853887,0.75,0.5714285714285714,0.018210501522275827
184,0.7511653,0.5150545,0.015783176,0.75,0.5714285714285714,0.0
185,0.7362249,0.5486295,0.016987678,0.5,0.7142857142857144,0.0
186,0.7820841,0.48183674,0.010010948,0.75,0.5714285714285714,0.0
187,0.74268335,0.5323228,0.015972707,0.75,0.28571428571428575,0.0
188,0.73305917,0.54921204,0.018461991,0.5,0.5714285714285714,0.020759278855000188
189,0.733696,0.55441403,0.019822445,0.5,0.5714285714285714,0.0
190,0.7861708,0.49165472,0.00988259,0.5,0.7142857142857144,0.018807259043092824
191,0.7641054,0.5144285,0.013400249,0.5,0.8571428571428572,0.03980771177602788
192,0.78009236,0.49759474,0.010713739,0.75,0.7142857142857144,0.0
193,0.78454673,0.48918286,0.011540109,0.75,0.5714285714285714,0.0
194,0.75388074,0.5249271,0.016782623,0.75,0.5714285714285714,0.0
195,0.75782824,0.5242645,0.013888862,0.75,0.42857142857142855,0.0
196,0.7764221,0.49014586,0.0051076096,0.75,0.5714285714285714,0.0
197,0.7542785,0.5139529,0.014064714,0.5,0.5714285714285714,0.05420069877921562
198,0.7433897,0.5427015,0.020105485,0.75,0.42857142857142855,0.0
199,0.78228754,0.49121428,0.010781974,0.5,0.7142857142857144,0.07825709066249134
200,0.7254638,0.57586795,0.021374749,0.75,0.5714285714285714,0.0
201,0.7449307,0.526699,0.018557604,0.75,0.42857142857142855,0.0
202,0.7432939,0.52603775,0.019594513,0.75,0.42857142857142855,0.0
203,0.80527747,0.45935106,0.00641031,1.0,0.42857142857142855,0.03224927953984214
204,0.75182116,0.5013006,0.013776381,0.75,0.5714285714285714,0.0
205,0.7350029,0.5424301,0.020152468,0.75,0.42857142857142855,0.0
206,0.7565683,0.50922215,0.0135926455,0.5,0.7142857142857144,0.0
207,0.78533,0.47694483,0.011477541,0.25,0.5714285714285714,0.0
208,0.7589026,0.5056398,0.014330566,0.75,0.5714285714285714,0.0
209,0.76840365,0.4977705,0.008291479,0.75,0.5714285714285714,0.017349483938014568
210,0.791098,0.47112137,0.008323042,0.5,0.8571428571428572,0.0
211,0.7538032,0.51223904,0.01626169,0.25,1.0,0.10281024486870566
212,0.77394915,0.507516,0.009689655,0.75,0.5714285714285714,0.0
213,0.73603654,0.5637011,0.023565726,0.5,0.8571428571428572,0.0
214,0.7381486,0.55473876,0.02104763,0.5,0.8571428571428572,0.0
215,0.75740373,0.51225054,0.010580007,0.5,1.0,0.0
216,0.75629056,0.52669674,0.013661444,0.5,0.8571428571428572,0.01903030341155255
217,0.73390126,0.55079997,0.02163897,0.5,0.7142857142857144,0.0
218,0.76637113,0.49755752,0.008864228,0.5,0.7142857142857144,0.03365248829810977
219,0.78644896,0.48754954,0.011921264,0.5,0.7142857142857144,0.014912213754967247
220,0.73095524,0.54307836,0.015127227,0.25,1.0,0.04890682101687122
221,0.7326866,0.5398922,0.004876282,0.5,0.8571428571428572,0.0
222,0.73856163,0.5312362,0.011233659,0.25,0.8571428571428572,0.02749608084354415
223,0.7171589,0.53823245,0.013369072,0.5,0.7142857142857144,0.0
224,0.7461375,0.52667224,0.016580757,0.5,0.5714285714285714,0.0
225,0.7794521,0.48302323,0.009821622,0.5,0.7142857142857144,0.01508186918899762
226,0.73445964,0.5529235,0.01737525,0.25,1.0,0.0
227,0.7557503,0.517844,0.0122933835,0.5,0.7142857142857144,0.0
228,0.73699737,0.54650503,0.019526182,0.5,0.8571428571428572,0.016108504864321107
229,0.7892045,0.4726068,0.010032162,0.75,0.7142857142857144,0.0
230,0.7538176,0.53503054,0.012627428,0.5,0.8571428571428572,0.0
231,0.74057454,0.5413181,0.020590235,0.25,1.0,0.0
232,0.73840976,0.5328424,0.022512421,0.5,0.8571428571428572,0.01843338911608156
233,0.745836,0.5420095,0.017159967,0.5,0.8571428571428572,0.0
234,0.787415,0.48867458,0.008364776,0.5,0.5714285714285714,0.0
235,0.7544056,0.5273821,0.01579393,0.5,0.7142857142857144,0.0
236,0.77643394,0.49790314,0.016098332,0.5,0.8571428571428572,0.0
237,0.7889664,0.4719325,0.012170328,0.75,0.42857142857142855,0.0
238,0.77188903,0.5075227,0.010567192,0.5,1.0,0.0
239,0.74963677,0.53490436,0.015365072,0.5,0.8571428571428572,0.0
240,0.7414937,0.5095548,0.008176949,0.25,1.0,0.0
241,0.756675,0.508365,0.017480863,0.25,0.7142857142857144,0.04204974640367785
242,0.7651552,0.5035714,0.008177057,0.25,1.0,0.0
243,0.74314564,0.5235046,0.022017963,0.5,0.8571428571428572,0.06223985367541648
244,0.73013467,0.5586671,0.016332373,0.5,1.0,0.0
245,0.73632014,0.5374699,0.020614509,0.5,0.8571428571428572,0.01719388833441424
246,0.7509494,0.5171571,0.01693722,0.25,1.0,0.0
247,0.75215185,0.5181332,0.01423341,0.5,0.7142857142857144,0.0
248,0.766057,0.4978608,0.01323043,0.5,1.0,0.0
249,0.7445554,0.5272544,0.018090753,0.5,1.0,0.01726322180159412
250,0.7507602,0.5167191,0.017090986,0.5,0.8571428571428572,0.0
251,0.7407206,0.5556809,0.017228037,0.25,1.0,0.0
252,0.73565245,0.5532032,0.019904694,0.25,1.0,0.056760550327590684
253,0.7655915,0.5099878,0.015260715,0.5,1.0,0.017775679136173547
254,0.7357857,0.5645868,0.01834073,0.25,1.0,0.0
255,0.78289175,0.49553385,0.009196529,0.25,1.0,0.0
256,0.77795845,0.5029663,0.008957198,0.25,1.0,0.14159637114774776
257,0.7325753,0.5581425,0.01306472,0.25,0.8571428571428572,0.0
258,0.7712742,0.4998849,0.0022105575,0.5,0.8571428571428572,0.021842785606703642
259,0.7746663,0.50412506,0.011154236,0.25,1.0,0.09861574319911738
260,0.68335813,0.61707884,0.015824592,0.75,0.7142857142857144,0.0
261,0.5880771,0.7476175,0.0298645,1.0,0.42857142857142855,0.0
262,0.58106875,0.75482976,0.032373115,0.75,0.42857142857142855,0.0
263,0.5836705,0.75911546,0.03211449,0.5,0.42857142857142855,0.06048809844870421
264,0.5793445,0.7650055,0.034016512,0.75,0.7142857142857144,0.0
265,0.63715076,0.6857464,0.022584379,0.75,0.5714285714285714,0.0
266,0.6649689,0.64319897,0.020268386,0.75,0.5714285714285714,0.0
267,0.58231777,0.759298,0.037919678,0.75,0.5714285714285714,0.0
268,0.6249797,0.6860938,0.027513402,0.75,0.42857142857142855,0.0
269,0.6309053,0.6850332,0.024212666,0.75,0.8571428571428572,0.0
270,0.6023409,0.7492455,0.021966524,0.75,0.42857142857142855,0.0
271,0.58309764,0.75451016,0.03083906,0.75,0.5714285714285714,0.0
272,0.63393235,0.6741166,0.024908677,0.75,0.7142857142857144,0.0
273,0.66940534,0.6399886,0.009936713,0.75,0.5714285714285714,0.0
274,0.59490246,0.7527371,0.027345277,0.75,0.7142857142857144,0.0
275,0.5868552,0.7488465,0.030386943,0.75,0.5714285714285714,0.0
276,0.5811927,0.7548676,0.031211104,0.75,0.42857142857142855,0.0
277,0.67302287,0.6281267,0.015406841,0.75,0.5714285714285714,0.0
278,0.5914398,0.7482478,0.03582522,0.75,0.42857142857142855,0.0
279,0.61345774,0.7229116,0.027404364,0.75,0.5714285714285714,0.0
280,0.585477,0.757425,0.028319757,0.75,0.5714285714285714,0.0
281,0.57695097,0.7654456,0.034061633,0.75,0.42857142857142855,0.01714077209161381
282,0.60062313,0.7182243,0.033755045,0.75,0.7142857142857144,0.04134449294615058
283,0.5833524,0.7433966,0.029710213,0.75,0.5714285714285714,0.0
284,0.61081725,0.72996885,0.02830796,0.75,0.5714285714285714,0.0
285,0.5919503,0.72996926,0.034600876,0.75,0.42857142857142855,0.0
286,0.5842736,0.75020677,0.031637214,0.75,0.7142857142857144,0.0
287,0.5729251,0.77669454,0.03145913,0.75,0.7142857142857144,0.0663350292166442
288,0.6069251,0.70882154,0.031511754,0.75,0.7142857142857144,0.0
289,0.6262106,0.6859188,0.025562271,0.75,0.7142857142857144,0.04995232949530288
290,0.5994081,0.7466731,0.0277709,0.75,0.7142857142857144,0.0
291,0.6520567,0.6518929,0.019901289,0.75,0.7142857142857144,0.0
292,0.5835683,0.74983174,0.033004858,0.5,0.8571428571428572,0.0
293,0.5828413,0.7692377,0.031099902,0.5,0.7142857142857144,0.0
294,0.62842184,0.6929118,0.02052011,0.75,0.5714285714285714,0.0
295,0.59007376,0.74444467,0.029560057,0.5,0.8571428571428572,0.0213274061171077
296,0.5802975,0.7630848,0.034719676,0.75,0.5714285714285714,0.0
297,0.5825588,0.76006764,0.037874494,0.5,0.5714285714285714,0.00993488775610001
298,0.6185844,0.7119692,0.028355636,0.75,0.7142857142857144,0.0
299,0.59948117,0.7365949,0.025383651,0.75,0.7142857142857144,0.0
300,0.5835958,0.74590737,0.034439526,0.75,0.42857142857142855,0.0
301,0.6865316,0.60574347,0.015327925,0.75,0.42857142857142855,0.0
302,0.6350946,0.68991417,0.017000735,0.75,0.5714285714285714,0.0
303,0.5794924,0.7590352,0.032026317,0.75,0.5714285714285714,0.0
304,0.59384304,0.72952676,0.034711845,0.5,0.5714285714285714,0.22940420570414516
305,0.6099204,0.7084816,0.03173696,0.5,0.28571428571428575,0.10621677663404688
306,0.62958163,0.6784321,0.025735606,0.75,0.7142857142857144,0.0
307,0.6875427,0.6094736,0.015646908,0.75,0.7142857142857144,0.0
308,0.58538157,0.75689286,0.03630726,1.0,0.28571428571428575,0.0
309,0.59210217,0.7358081,0.034361742,0.75,0.42857142857142855,0.0
310,0.5832891,0.78106815,0.026461344,0.75,0.42857142857142855,0.0
311,0.6264945,0.68822265,0.024418045,0.75,0.5714285714285714,0.0
312,0.57955366,0.78330594,0.027689304,0.75,0.7142857142857144,0.0
313,0.58253974,0.7589294,0.039309613,0.75,0.7142857142857144,0.0
314,0.57722086,0.78884745,0.02732358,0.5,0.8571428571428572,0.0
315,0.6086009,0.7112745,0.03091174,0.75,0.5714285714285714,0.0
316,0.61846274,0.7048179,0.024911206,0.75,0.5714285714285714,0.0
317,0.58328843,0.7452841,0.03607276,0.5,0.7142857142857144,0.01907654239749663
318,0.5925027,0.7497183,0.030941587,0.75,0.5714285714285714,0.0
319,0.5780744,0.7622197,0.032643225,0.5,0.8571428571428572,0.0
320,0.58242327,0.7597502,0.033630688,0.75,0.7142857142857144,0.0
321,0.6398331,0.66752607,0.02331192,0.75,0.5714285714285714,0.0
322,0.58771586,0.74213856,0.036172643,0.5,0.7142857142857144,0.10614085003741387
323,0.5837527,0.74836504,0.031126497,1.0,0.28571428571428575,0.0
324,0.6471736,0.65952283,0.021581749,1.0,0.42857142857142855,0.0
325,0.6359302,0.683799,0.020599533,0.75,0.42857142857142855,0.017810427264150656
326,0.6006254,0.72206044,0.031130575,1.0,0.28571428571428575,0.0
327,0.5812035,0.76702356,0.030110236,0.75,0.5714285714285714,0.024516876441194047
328,0.6583099,0.64528996,0.02091629,0.75,0.5714285714285714,0.0
329,0.62584996,0.68713045,0.02692915,0.25,0.8571428571428572,0.08252207890740848
330,0.6142858,0.71594393,0.022457115,0.75,0.7142857142857144,0.0
331,0.5918407,0.7610727,0.0371123,0.75,0.5714285714285714,0.018610095877294532
332,0.5846715,0.7594107,0.0335444,0.75,0.5714285714285714,0.0
333,0.59570664,0.72705925,0.0317486,0.75,0.42857142857142855,0.016485164872123894
334,0.58223933,0.75939906,0.03423118,0.5,0.7142857142857144,0.023108321848723322
335,0.5994169,0.74858785,0.027307615,0.5,0.7142857142857144,0.0
336,0.5809166,0.7733956,0.030229038,0.75,0.5714285714285714,0.017383494107622608
337,0.5970023,0.7237997,0.032403525,0.75,0.42857142857142855,0.0
338,0.59431803,0.74094874,0.036120676,0.75,0.5714285714285714,0.0
339,0.5835021,0.7483974,0.03229209,0.75,0.5714285714285714,0.0
340,0.575828,0.76799154,0.032513574,0.75,0.5714285714285714,0.0
341,0.59015816,0.7405307,0.028308822,0.75,0.42857142857142855,0.0
342,0.5843977,0.7492343,0.034153968,0.75,0.7142857142857144,0.0
343,0.58271086,0.753169,0.032219145,0.75,0.5714285714285714,0.0
344,0.645807,0.6672026,0.01952838,0.5,0.7142857142857144,0.036217889312937485
345,0.65731126,0.6422545,0.0198623,0.75,0.42857142857142855,0.0
346,0.5843262,0.7591324,0.033900373,0.75,0.7142857142857144,0.0
347,0.5839727,0.7515857,0.03138782,0.75,0.42857142857142855,0.0
348,0.57926095,0.7603907,0.031935677,0.5,0.7142857142857144,0.0
349,0.603698,0.7125024,0.032490894,0.75,0.7142857142857144,0.031838974819577724
350,0.6303086,0.6860196,0.02362383,0.75,0.5714285714285714,0.0
351,0.6102654,0.71031857,0.028251892,0.75,0.42857142857142855,0.0
352,0.5938203,0.74534136,0.034537345,0.75,0.28571428571428575,0.0
353,0.57985336,0.7785402,0.029553276,0.75,0.7142857142857144,0.0
354,0.6359109,0.6751286,0.022391986,0.75,0.7142857142857144,0.0
355,0.6135729,0.72413665,0.027717149,0.75,0.5714285714285714,0.0
356,0.63069767,0.6829403,0.023189235,0.75,0.5714285714285714,0.0
357,0.5868568,0.7512667,0.03617336,0.75,0.5714285714285714,0.017998210472276868
358,0.5807528,0.7778394,0.027852371,0.5,0.8571428571428572,0.0
359,0.5825111,0.78359574,0.026345452,0.5,0.8571428571428572,0.0
360,0.5589268,0.78470665,0.03447641,0.5,1.0,0.026733169031631043
361,0.6678721,0.6770652,-0.0005844794,0.75,0.7142857142857144,0.0
362,0.5764102,0.7446148,0.03416449,0.75,0.8571428571428572,0.02762338259926137
363,0.58342034,0.7445079,0.03633076,0.5,0.8571428571428572,0.015030333181122735
364,0.5942672,0.7299601,0.03381821,0.5,0.7142857142857144,0.0
365,0.58307976,0.75159556,0.03150034,0.75,0.7142857142857144,0.0
366,0.5576258,0.78221226,0.035146415,0.5,0.7142857142857144,0.025659129920462907
367,0.5836742,0.7490314,0.032309223,0.75,0.7142857142857144,0.0186830611756823
368,0.58177596,0.75423825,0.03199642,0.75,0.5714285714285714,0.020451998534495967
369,0.57749724,0.76516986,0.033404134,0.75,0.8571428571428572,0.0
370,0.5807448,0.764613,0.031805355,0.75,0.7142857142857144,0.0
371,0.63204795,0.67986196,0.025033515,0.75,0.7142857142857144,0.0
372,0.6286896,0.66930634,0.02192529,0.75,0.5714285714285714,0.0
373,0.5816595,0.77612275,0.029432412,0.5,1.0,0.0
374,0.5894791,0.7717077,0.026228234,0.25,1.0,0.14673278176710738
375,0.608235,0.72938997,0.028548267,0.75,0.7142857142857144,0.0
376,0.5900536,0.75725603,0.030909158,0.75,0.7142857142857144,0.0
377,0.5823429,0.75850254,0.036177997,0.5,0.8571428571428572,0.0
378,0.608399,0.730082,0.030933773,0.5,0.8571428571428572,0.0
379,0.5876013,0.75933075,0.031458735,0.5,0.7142857142857144,0.01888962725748326
380,0.6111509,0.7096843,0.028618496,0.75,0.7142857142857144,0.0
381,0.58323276,0.749708,0.0352628,0.75,0.7142857142857144,0.018273011907821976
382,0.57584214,0.7697685,0.029399587,0.75,0.5714285714285714,0.0
383,0.6007753,0.7244502,0.028409928,0.75,0.7142857142857144,0.016137223309894033
384,0.58526105,0.75255305,0.029910669,0.75,0.7142857142857144,0.0
385,0.58650076,0.74624705,0.029470466,0.75,0.7142857142857144,0.0
386,0.5792319,0.7579393,0.032676503,0.75,0.7142857142857144,0.0
387,0.6372039,0.67008287,0.02415973,0.75,0.7142857142857144,0.0
388,0.5662219,0.76218164,0.035622664,0.75,0.7142857142857144,0.0
389,0.57456046,0.75860894,0.032550894,0.75,0.7142857142857144,0.016715234859216006
390,0.60677856,0.71011746,0.030627914,0.75,0.5714285714285714,0.0
391,0.605568,0.73776495,0.026678443,0.75,0.5714285714285714,0.0
392,0.64862806,0.6702269,0.020470794,0.75,0.5714285714285714,0.0
393,0.5754678,0.76894397,0.031546302,0.75,0.5714285714285714,0.02715355369634898
394,0.60156864,0.7548944,0.020571422,0.5,0.8571428571428572,0.0
395,0.6504075,0.65648955,0.018084334,0.5,0.8571428571428572,0.0
396,0.5795266,0.75917614,0.032306693,0.5,0.8571428571428572,0.0
397,0.6394825,0.6942071,0.020374168,0.75,0.42857142857142855,0.0
398,0.61899406,0.70993847,0.028594557,0.75,0.5714285714285714,0.0
399,0.6165248,0.7163149,0.028620038,0.75,0.7142857142857144,0.0
400,0.5749022,0.7718712,0.033082813,0.75,0.7142857142857144,0.0
401,0.59032065,0.7472316,0.028783832,0.75,0.5714285714285714,0.021501659263820687
402,0.5724256,0.77548045,0.03089936,0.75,0.5714285714285714,0.061241865240578224
403,0.574034,0.77198476,0.03334497,0.75,0.7142857142857144,0.0
404,0.5661759,0.7655804,0.034725696,0.75,0.7142857142857144,0.02428460820621855
405,0.5710651,0.7620045,0.031909324,0.75,0.7142857142857144,0.019808214237074795
406,0.590721,0.7374859,0.033746853,0.75,0.7142857142857144,0.012892482905155015
407,0.5844192,0.7479112,0.03079189,0.75,0.42857142857142855,0.0
408,0.5774525,0.7691713,0.033321567,0.75,0.5714285714285714,0.0
409,0.5758481,0.7722756,0.029563393,0.75,0.42857142857142855,0.0
410,0.5799149,0.7837732,0.026308028,0.75,0.5714285714285714,0.021240393983826475
411,0.5927278,0.7402938,0.028995445,0.75,0.5714285714285714,0.02914515851970356
412,0.61535823,0.7118736,0.024466585,0.5,0.8571428571428572,0.0
413,0.65886164,0.64553136,0.01752184,0.75,0.7142857142857144,0.0
414,0.57236874,0.77855754,0.03143633,0.5,0.8571428571428572,0.0
415,0.60079515,0.7275705,0.027741693,0.75,0.7142857142857144,0.0
416,0.58625585,0.74160945,0.03293026,0.75,0.7142857142857144,0.01533710463913093
417,0.5814871,0.7546386,0.032020837,0.5,0.8571428571428572,0.0
418,0.63971347,0.66621095,0.02330486,0.75,0.5714285714285714,0.0
419,0.6315944,0.67626894,0.02500833,0.75,0.5714285714285714,0.0
420,0.5879767,0.7380573,0.033185985,0.5,0.5714285714285714,0.06819250620693791
421,0.6105615,0.7222056,0.023388917,0.75,0.5714285714285714,0.0
422,0.57278186,0.78071105,0.03389773,0.75,0.7142857142857144,0.0
423,0.5794533,0.7599072,0.031037968,0.75,0.7142857142857144,0.0
424,0.5789841,0.7569649,0.033971835,0.75,0.7142857142857144,0.0
425,0.58210146,0.7479425,0.035553887,0.75,0.7142857142857144,0.0
426,0.58436793,0.7420746,0.03621052,0.5,0.8571428571428572,0.0
427,0.60281724,0.7027114,0.028363215,0.75,0.8571428571428572,0.0
428,0.5758714,0.77515197,0.032466248,0.75,0.7142857142857144,0.02342775956383235
429,0.5711983,0.77745706,0.03058212,0.75,0.8571428571428572,0.0
430,0.5824684,0.77808064,0.027367499,0.5,0.8571428571428572,0.0
431,0.62295973,0.7061927,0.026370285,0.5,0.8571428571428572,0.0
432,0.5919195,0.7362475,0.030141383,0.75,0.5714285714285714,0.019995464351066784
433,0.5834014,0.7464718,0.033287294,0.5,0.8571428571428572,0.0
434,0.60355896,0.73556715,0.031979226,0.5,0.8571428571428572,0.0
435,0.64452165,0.6746088,0.021933097,0.5,0.7142857142857144,0.02134922413084115
436,0.5799322,0.76795715,0.0343392,0.75,0.5714285714285714,0.0
437,0.6083348,0.74492234,0.021999352,0.5,0.42857142857142855,0.0
438,0.6039418,0.7378139,0.030649966,0.5,0.7142857142857144,0.0
439,0.6507255,0.6574552,0.018319692,0.75,0.7142857142857144,0.0
440,0.5787786,0.76285493,0.03191386,0.5,1.0,0.05481929518121207
441,0.56751764,0.7859079,0.032825503,0.5,1.0,0.0
442,0.57842237,0.75891876,0.0335732,0.5,1.0,0.022522114380792473
443,0.5781285,0.76245207,0.03225885,0.5,1.0,0.0
444,0.5813248,0.7540377,0.03276888,0.75,0.7142857142857144,0.02157801266959274
445,0.5871623,0.737987,0.035547413,0.5,1.0,0.0
446,0.5769416,0.7646394,0.033855032,0.5,1.0,0.0
447,0.5974709,0.7306763,0.031276464,0.5,0.8571428571428572,0.0
448,0.58391523,0.7510378,0.03042826,0.75,0.8571428571428572,0.0
449,0.5820392,0.7608652,0.028580744,0.5,1.0,0.023118205945854474
450,0.6422968,0.67468965,0.023592554,0.75,0.7142857142857144,0.0
451,0.6293788,0.6858122,0.024141043,0.5,0.8571428571428572,0.0
452,0.57949424,0.7700792,0.0297416,0.75,0.5714285714285714,0.0
453,0.61006826,0.71235776,0.02513507,0.75,0.7142857142857144,0.0
454,0.5931833,0.74444336,0.03458235,0.5,0.5714285714285714,0.0
455,0.5656415,0.7891726,0.031897612,0.5,0.7142857142857144,0.0
456,0.58215266,0.77768165,0.028198525,0.5,0.8571428571428572,0.056345611973670696
457,0.6163378,0.72748804,0.0234874,0.75,0.5714285714285714,0.0
458,0.62284863,0.68615866,0.028001556,0.5,0.5714285714285714,0.07732412141820467
459,0.58104795,0.7622847,0.03301682,0.5,0.7142857142857144,0.0
460,0.6079528,0.72982633,0.02161902,0.5,0.42857142857142855,0.13167093094744672
461,0.5797841,0.76330364,0.034547184,0.25,0.7142857142857144,0.38855310357965483
462,0.6093472,0.7055544,0.03172315,0.5,0.7142857142857144,0.058700993951085516
463,0.5637003,0.7692472,0.035848472,0.5,0.7142857142857144,0.02830011625146842
464,0.6087774,0.7253194,0.023137474,0.5,0.8571428571428572,0.06539804531485084
465,0.57871383,0.7605104,0.03248713,0.5,0.8571428571428572,0.12670310492729253
466,0.57717043,0.76495725,0.033550438,0.75,0.7142857142857144,0.0
467,0.5807933,0.76139385,0.033823065,0.5,0.8571428571428572,0.04802279821142308
468,0.57546544,0.772694,0.032770246,0.5,0.8571428571428572,0.021441006760574997
469,0.57981205,0.7580764,0.032707594,0.5,0.8571428571428572,0.08223723739945121
470,0.5639194,0.7532656,0.033046275,0.25,0.8571428571428572,0.1796787455898858
471,0.639325,0.6844068,0.02321541,0.5,0.7142857142857144,0.017400087385090916
472,0.5985432,0.746165,0.029914934,0.5,0.8571428571428572,0.0
473,0.61606395,0.72900003,0.023808464,0.5,1.0,0.0
474,0.58387625,0.7681303,0.027752679,0.5,0.8571428571428572,0.04669579219024264
475,0.61052746,0.7313833,0.026406497,0.5,0.7142857142857144,0.0
476,0.62952054,0.6967943,0.025573308,0.5,0.7142857142857144,0.0
477,0.6088354,0.70682263,0.032100897,0.25,0.8571428571428572,0.02720307263789311
478,0.58105755,0.76007056,0.037465617,0.25,1.0,0.0
479,0.6267118,0.7031139,0.026731854,0.75,0.5714285714285714,0.0
480,0.57887447,0.7612558,0.031499133,0.5,0.8571428571428572,0.020337173919625612
481,0.5786755,0.76153576,0.033146482,0.5,0.8571428571428572,0.10473081392131912
482,0.6511178,0.6519399,0.020908577,0.5,0.8571428571428572,0.07163705735828196
483,0.57956576,0.76307434,0.033377856,0.5,1.0,0.05571328435981846
484,0.5775945,0.7675712,0.032424994,0.5,0.8571428571428572,0.05502075208255027
485,0.5570427,0.7818098,0.037287965,0.5,1.0,0.03806691969909353
486,0.5793578,0.7582385,0.033202264,0.5,0.8571428571428572,0.0
487,0.5788268,0.76018155,0.03415958,0.5,1.0,0.0
488,0.5730755,0.7744967,0.03336461,0.5,1.0,0.03960638769505249
489,0.5860324,0.74479204,0.03264496,0.5,1.0,0.05758251814340976
490,0.5825818,0.7811154,0.024124924,0.25,1.0,0.0
491,0.59629273,0.73858064,0.034286365,0.25,1.0,0.0
492,0.61917454,0.6939259,0.02770475,0.5,0.7142857142857144,0.0
493,0.57605964,0.7726349,0.03108546,0.5,0.8571428571428572,0.0
494,0.6339514,0.6921167,0.024359591,0.5,1.0,0.043510446318022776
495,0.5782688,0.77033436,0.032335624,0.25,1.0,0.0564361425191898
496,0.6067397,0.7220721,0.032679684,0.5,0.8571428571428572,0.0
497,0.6207945,0.7085347,0.027808033,0.5,0.7142857142857144,0.018925276594763417
498,0.5778204,0.7902221,0.024933632,0.25,1.0,0.061628020100681594
499,0.58476585,0.75179195,0.030256845,0.5,0.8571428571428572,0.0
500,0.6125949,0.70308244,0.029344268,0.25,1.0,0.37319472674358817
501,0.6031678,0.7348999,0.023427803,0.5,0.8571428571428572,0.09520803487500457
502,0.5826513,0.7455541,0.035016418,0.5,1.0,0.04656381967456234
503,0.6411709,0.67672104,0.023171633,0.25,1.0,0.5077268547440558
504,0.5687002,0.7818953,0.029927608,0.5,1.0,0.07927773641102015
505,0.591057,0.7401305,0.030088853,0.5,0.8571428571428572,0.07646471224148325
506,0.57932687,0.75835425,0.032913,0.25,0.8571428571428572,0.11635992176340236
507,0.58837223,0.73591036,0.035187587,0.25,1.0,0.08117639628219117
508,0.5662971,0.7577054,0.035474107,0.5,1.0,0.03920797215120019
509,0.59705985,0.7215769,0.03456671,0.25,0.7142857142857144,0.20773733571984315
510,0.5882807,0.73886573,0.032338213,0.25,0.8571428571428572,0.0
511,0.59065694,0.7555114,0.03197693,0.25,0.8571428571428572,0.0
512,0.6204528,0.71026516,0.0282139,0.5,1.0,0.0
513,0.5850649,0.7595222,0.036147907,0.25,1.0,0.0
514,0.5769182,0.76953834,0.033925854,0.25,1.0,0.057476792432577035
515,0.62129205,0.7069729,0.02829967,0.25,0.8571428571428572,0.0
516,0.57749283,0.76598877,0.031373218,0.5,0.8571428571428572,0.0
517,0.625043,0.701826,0.026932003,0.5,1.0,0.0
518,0.5747322,0.77126145,0.030355133,0.5,0.7142857142857144,0.0
519,0.5784018,0.76386255,0.03317346,0.5,1.0,0.0
520,0.56066793,0.7741275,0.034519617,0.25,1.0,0.41760247990296995
521,0.6059597,0.72302634,0.027558468,0.5,1.0,0.07100704056692239
522,0.5829368,0.7530447,0.03087869,0.25,1.0,0.16802860117636692
523,0.6053029,0.7200399,0.029505854,0.25,1.0,0.3703932753696091
524,0.5829505,0.7495192,0.03131145,0.25,1.0,0.14683651595630212
525,0.5799705,0.75499076,0.033207014,0.5,1.0,0.018927149113004322
526,0.5644564,0.76794595,0.034761112,0.5,1.0,0.061794602514346646
527,0.5862477,0.7477268,0.030200703,0.5,1.0,0.039444337454469444
528,0.5837051,0.7528338,0.030269135,0.25,0.8571428571428572,0.26848088829834305
529,0.5868021,0.7421749,0.031733986,0.25,1.0,0.11245889104972391
530,0.555514,0.7660756,0.033792794,0.25,0.8571428571428572,0.0
531,0.5932564,0.7433064,0.033706047,0.5,1.0,0.0
532,0.5783236,0.77214324,0.03296906,0.25,1.0,0.13741480973295245
533,0.6377656,0.6949715,0.021781076,0.25,1.0,0.07550700904035253
534,0.6477117,0.6321314,0.019948369,0.25,1.0,0.022759776405259342
535,0.6049833,0.7353179,0.031032804,0.25,1.0,0.0
536,0.6035925,0.72818506,0.025608808,0.5,1.0,0.0
537,0.5822409,0.75063103,0.034046046,0.25,1.0,0.0249765377662305
538,0.6453032,0.6565166,0.023482092,0.25,1.0,0.0715728755104626
539,0.56897455,0.759026,0.03481911,0.25,1.0,0.037418079871073685
540,0.49214023,0.88363546,0.04401167,0.5,0.7142857142857144,0.19181724722305168
541,0.4886098,0.87634367,0.038364492,0.5,0.8571428571428572,0.02988453107064774
542,0.47535366,0.90028083,0.0425224,0.5,0.8571428571428572,0.0
543,0.48445666,0.88839555,0.037368994,0.5,0.8571428571428572,0.0
544,0.4836055,0.8889084,0.0383135,0.75,0.42857142857142855,0.0
545,0.46811303,0.9038898,0.043164007,0.5,1.0,0.0
546,0.48773658,0.8848622,0.03714283,0.5,0.7142857142857144,0.0
547,0.47419238,0.8919323,0.042153094,0.5,0.8571428571428572,0.0
548,0.49461758,0.87019,0.03650488,0.75,0.5714285714285714,0.0
549,0.48161823,0.90052116,0.0345357,0.5,0.7142857142857144,0.042629736477759035
550,0.484755,0.8992145,0.032236405,0.5,1.0,0.0
551,0.48444682,0.89430344,0.03247112,0.5,1.0,0.0
552,0.4857687,0.88574123,0.03513406,0.5,1.0,0.0
553,0.4844713,0.88872415,0.03427369,0.5,0.8571428571428572,0.0
554,0.48360193,0.8941191,0.032336034,0.5,0.8571428571428572,0.0
555,0.4891863,0.8816271,0.040487435,0.5,0.8571428571428572,0.0
556,0.48079485,0.89967424,0.0350913,0.5,0.8571428571428572,0.0
557,0.48606604,0.8851907,0.040570196,0.5,0.8571428571428572,0.0
558,0.4855581,0.88608015,0.03670147,0.5,0.8571428571428572,0.02579733078077967
559,0.48697752,0.898328,0.03457005,0.5,0.7142857142857144,0.01927546767427062
560,0.49237213,0.8767297,0.03342136,0.5,0.8571428571428572,0.01786224887180224
561,0.48467585,0.89467627,0.036133915,0.5,0.7142857142857144,0.056138836998635866
562,0.5018909,0.86407566,0.032489896,0.5,0.8571428571428572,0.013815950468434337
563,0.49098432,0.8832027,0.032402173,0.5,1.0,0.015060473129593018
564,0.49072915,0.87862307,0.037757188,0.5,0.8571428571428572,0.026659112875765504
565,0.49527708,0.87612075,0.03129966,0.5,1.0,0.0
566,0.47742352,0.90304,0.03425185,0.5,0.7142857142857144,0.10905530431849636
567,0.48751417,0.88482267,0.03831635,0.5,0.7142857142857144,0.02035499381556709
568,0.46508664,0.91221505,0.042588264,0.5,0.8571428571428572,0.2116211813418899
569,0.48890162,0.88630205,0.033020318,0.5,0.8571428571428572,0.057089967363468615
570,0.4904883,0.87479603,0.039114695,0.5,1.0,0.0
571,0.48458675,0.89113814,0.035025347,0.5,1.0,0.0
572,0.49162272,0.87568337,0.033748064,0.5,1.0,0.0
573,0.486893,0.8850868,0.034816135,0.5,1.0,0.0
574,0.4846754,0.89787173,0.030376658,0.5,1.0,0.0
575,0.4882056,0.89676,0.039858174,0.5,0.8571428571428572,0.0
576,0.5172544,0.8463391,0.024508981,0.5,0.8571428571428572,0.0
577,0.48314878,0.8931159,0.03580945,0.5,1.0,0.0
578,0.48683405,0.89760613,0.03557066,0.5,1.0,0.020994622305113946
579,0.48445433,0.8941753,0.03696777,0.5,0.8571428571428572,0.0
580,0.4846375,0.89572144,0.032368064,0.5,0.5714285714285714,0.0
581,0.48761106,0.8944789,0.03881365,0.75,0.5714285714285714,0.0
582,0.48941725,0.89114296,0.0375522,0.5,0.7142857142857144,0.06579385178876901
583,0.484944,0.8988978,0.032438636,0.75,0.5714285714285714,0.047145169994603275
584,0.48470914,0.8802306,0.0393943,0.5,0.7142857142857144,0.04913940741993673
585,0.48461613,0.8922951,0.035909016,0.5,0.7142857142857144,0.0
586,0.49339354,0.8825341,0.04175723,0.5,0.7142857142857144,0.025706502499020227
587,0.506581,0.85025436,0.0325047,0.75,0.7142857142857144,0.05609680599074587
588,0.49905333,0.8641236,0.033995222,0.5,0.5714285714285714,0.05008294923376707
589,0.48455742,0.8763324,0.039021168,0.5,0.8571428571428572,0.06713538175607714
590,0.48535213,0.89214957,0.032040752,0.5,1.0,0.0
591,0.49051625,0.89893734,0.034519937,0.5,0.8571428571428572,0.0
592,0.48468664,0.893595,0.034561325,0.5,0.7142857142857144,0.0
593,0.49079213,0.88240325,0.031577416,0.25,0.8571428571428572,0.0
594,0.5011376,0.86939365,0.030243833,0.75,0.7142857142857144,0.0
595,0.48635197,0.88541114,0.034175705,0.25,1.0,0.05279526688151888
596,0.4912932,0.89831954,0.03157363,0.5,0.7142857142857144,0.030418503671989082
597,0.48922342,0.87606233,0.03961643,0.5,1.0,0.0
598,0.48318934,0.89044285,0.039347842,0.5,0.8571428571428572,0.0
599,0.48649797,0.8931649,0.035248794,0.5,1.0,0.0
600,0.49424854,0.870648,0.035331734,0.5,0.7142857142857144,0.044381540956242485
601,0.49712512,0.8705532,0.03381165,0.5,0.5714285714285714,0.0
602,0.49721384,0.87011963,0.032971986,0.25,1.0,0.11621180715775689
603,0.49839836,0.8638801,0.03387189,0.5,0.5714285714285714,0.10366202487979584
604,0.48732743,0.88074803,0.03885211,0.5,0.7142857142857144,0.10531572843334414
605,0.4864341,0.8928234,0.03148049,0.5,0.8571428571428572,0.018929285424993773
606,0.48861888,0.8792025,0.035893876,0.5,0.8571428571428572,0.01760159698614614
607,0.4887641,0.8913464,0.0307616,0.5,0.8571428571428572,0.0
608,0.4887694,0.8800052,0.03749138,0.5,0.7142857142857144,0.0370202311327319
609,0.48037204,0.8989373,0.036804825,0.75,0.5714285714285714,0.0
610,0.48591122,0.8891449,0.03398394,0.5,0.7142857142857144,0.0
611,0.48550868,0.8893291,0.038103685,0.5,0.8571428571428572,0.0
612,0.48317012,0.88965005,0.038025282,0.5,0.8571428571428572,0.0
613,0.49121132,0.8730721,0.035759896,0.5,1.0,0.0
614,0.49234456,0.89328885,0.034818847,0.5,1.0,0.0
615,0.49192795,0.8852915,0.03563922,0.5,1.0,0.0
616,0.48509488,0.88791776,0.0370975,0.5,0.8571428571428572,0.0
617,0.48868304,0.8902988,0.034664962,0.5,1.0,0.0
618,0.48702997,0.8889526,0.033299457,0.5,0.7142857142857144,0.0
619,0.48693237,0.88481355,0.037592836,0.5,0.8571428571428572,0.0
620,0.4851795,0.8890619,0.0373435,0.5,0.8571428571428572,0.14334040731009057
621,0.4927923,0.87528026,0.03275726,0.5,0.8571428571428572,0.0
622,0.48601955,0.8917655,0.03265292,0.5,0.7142857142857144,0.01608537777883719
623,0.4861476,0.88205004,0.042568203,0.5,0.7142857142857144,0.02048570990374386
624,0.48372012,0.8919862,0.03944032,0.5,0.7142857142857144,0.0
625,0.48852307,0.8767034,0.042775832,0.5,1.0,0.01393702997446696
626,0.4716931,0.90398175,0.04324393,0.5,1.0,0.0
627,0.48364758,0.88255656,0.038990434,0.5,0.8571428571428572,0.014185722323328435
628,0.49158263,0.889599,0.040337205,0.5,0.8571428571428572,0.0
629,0.4861374,0.87864226,0.03757836,0.5,0.8571428571428572,0.0
630,0.4853651,0.8839254,0.040522665,0.5,1.0,0.0
631,0.48921657,0.88542193,0.0324121,0.5,0.7142857142857144,0.0
632,0.4847049,0.88793737,0.037146896,0.5,0.7142857142857144,0.0
633,0.4876117,0.8816968,0.03830871,0.75,0.7142857142857144,0.0
634,0.49115473,0.8744626,0.03612155,0.5,0.8571428571428572,0.0
635,0.50445193,0.8711133,0.024297418,0.5,0.8571428571428572,0.01543181976963214
636,0.48526606,0.8889601,0.034985825,0.5,1.0,0.0
637,0.4901394,0.8788952,0.0374253,0.5,1.0,0.0
638,0.49417275,0.8944912,0.038748752,0.5,1.0,0.0
639,0.4840878,0.89154387,0.035640523,0.5,0.7142857142857144,0.0
640,0.4961719,0.87573045,0.042665403,0.5,0.7142857142857144,0.14771497560431618
641,0.47633475,0.89489,0.042113405,0.5,0.7142857142857144,0.1309437457605429
642,0.48046356,0.8986856,0.03734353,0.5,0.8571428571428572,0.0
643,0.4869264,0.8818155,0.039145805,0.5,0.5714285714285714,0.0
644,0.52914685,0.819499,0.027141694,0.5,0.8571428571428572,0.03333452164410785
645,0.4914272,0.8797549,0.031477433,0.5,0.7142857142857144,0.0
646,0.4897472,0.878216,0.034778494,0.5,0.8571428571428572,0.01655770743617185
647,0.48668355,0.88599694,0.04019918,0.5,0.7142857142857144,0.021960843337505184
648,0.4848389,0.88825697,0.03556675,0.5,1.0,0.03592191215725447
649,0.48744088,0.8778456,0.039079383,0.5,0.8571428571428572,0.06287757351239502
650,0.4874773,0.89670205,0.030143864,0.5,0.8571428571428572,0.0
651,0.4879797,0.88440895,0.033749033,0.5,0.8571428571428572,0.0
652,0.49057734,0.8852534,0.03202145,0.5,0.8571428571428572,0.0
653,0.5063603,0.8644032,0.029137738,0.5,0.7142857142857144,0.0
654,0.49883643,0.8841054,0.0335086,0.5,1.0,0.0
655,0.49119025,0.8902615,0.026948355,0.5,0.7142857142857144,0.0
656,0.48562735,0.88650495,0.036067788,0.5,1.0,0.0
657,0.48569286,0.8844879,0.039995946,0.5,1.0,0.0
658,0.48566017,0.89395547,0.03373193,0.5,0.7142857142857144,0.0
659,0.49542576,0.88009673,0.030372605,0.5,0.8571428571428572,0.021538485826633307
660,0.49149758,0.87699604,0.0420533,0.5,0.8571428571428572,0.0
661,0.4818194,0.8979142,0.034851898,0.25,0.8571428571428572,0.06274894813086454
662,0.4851597,0.8808426,0.040390253,0.5,0.8571428571428572,0.03412528866282778
663,0.48655087,0.8817371,0.03980439,0.5,0.7142857142857144,0.0
664,0.48938534,0.87680453,0.03867173,0.5,0.8571428571428572,0.0
665,0.48495454,0.8868528,0.03869262,0.5,1.0,0.0
666,0.48939946,0.8746856,0.03630986,0.5,1.0,0.0
667,0.4912567,0.8754636,0.04077188,0.5,1.0,0.0
668,0.49088508,0.89854455,0.03694868,0.5,1.0,0.0
669,0.5029799,0.868175,0.029820636,0.5,0.8571428571428572,0.048985765045028835
670,0.49078226,0.8756488,0.036931545,0.5,0.8571428571428572,0.0
671,0.48511413,0.88530564,0.03904836,0.5,0.8571428571428572,0.017146060846135604
672,0.48788288,0.87877184,0.03741803,0.5,0.7142857142857144,0.0
673,0.49376106,0.8895853,0.025804484,0.5,0.7142857142857144,0.0
674,0.48335063,0.8958156,0.034001015,0.5,1.0,0.0
675,0.49142408,0.88502944,0.029635455,0.5,0.7142857142857144,0.0
676,0.5018013,0.86744416,0.028887287,0.5,0.8571428571428572,0.0
677,0.49384794,0.87861836,0.029503457,0.5,1.0,0.027020858498437134
678,0.48476338,0.8954172,0.033474695,0.5,0.8571428571428572,0.0
679,0.49441072,0.88324183,0.027828148,0.5,0.8571428571428572,0.0
680,0.48479176,0.88993734,0.03727021,0.5,1.0,0.0
681,0.4858034,0.880863,0.04060828,0.5,1.0,0.0
682,0.4888529,0.88220716,0.03365169,0.5,0.8571428571428572,0.0
683,0.49027085,0.8858167,0.044057336,0.75,0.7142857142857144,0.0
684,0.4892378,0.8780817,0.038042624,0.25,1.0,0.14809024365404214
685,0.4889776,0.8763886,0.038246825,0.5,1.0,0.07380899365563047
686,0.49568605,0.8729108,0.04253555,0.5,1.0,0.0
687,0.4627603,0.9152279,0.042869195,0.5,0.7142857142857144,0.0
688,0.46781555,0.90540636,0.040549465,0.5,1.0,0.0
689,0.4961865,0.87093574,0.040380526,0.5,1.0,0.0
690,0.4733088,0.890394,0.04103722,0.25,1.0,0.11486652109309536
691,0.5122203,0.84899527,0.027652439,0.5,0.7142857142857144,0.015701037296255452
692,0.49022007,0.8891061,0.02926809,0.5,0.8571428571428572,0.0
693,0.48433515,0.88959795,0.03589074,0.5,1.0,0.0
694,0.49208844,0.88077694,0.04363408,0.25,1.0,0.253928826977002
695,0.4890739,0.88395447,0.034101747,0.5,0.8571428571428572,0.0
696,0.4944824,0.8695367,0.03594107,0.5,0.7142857142857144,0.017301951344918184
697,0.4850237,0.8889262,0.03692074,0.5,0.8571428571428572,0.05287332119712653
698,0.48716646,0.88510287,0.033886813,0.5,0.8571428571428572,0.12571631985652423
699,0.49168575,0.873413,0.038577918,0.5,0.8571428571428572,0.0
700,0.47103572,0.9007485,0.04172921,0.5,1.0,0.06498629584269369
701,0.48177898,0.8964932,0.037016883,0.5,1.0,0.053064528183830416
702,0.4745899,0.91152614,0.03570678,0.5,1.0,0.0261941532891228
703,0.49035212,0.8861153,0.04266318,0.5,0.8571428571428572,0.0
704,0.48959622,0.8914022,0.039680377,0.75,0.7142857142857144,0.0
705,0.47160584,0.894767,0.042959996,0.5,0.7142857142857144,0.0
706,0.5013612,0.87222344,0.027282625,0.5,0.8571428571428572,0.052064320224456694
707,0.47727886,0.88805777,0.040940218,0.5,0.8571428571428572,0.0
708,0.4946306,0.8753691,0.04015655,0.5,0.8571428571428572,0.07625982854301269
709,0.4907991,0.876931,0.03887899,0.5,1.0,0.0
710,0.4805459,0.8990896,0.037179403,0.5,0.8571428571428572,0.0
711,0.48827618,0.87851363,0.037233297,0.5,1.0,0.0
712,0.49025685,0.89698726,0.033811018,0.5,1.0,0.0
713,0.49534684,0.8793545,0.02868703,0.5,1.0,0.024612971372652007
714,0.4930483,0.88079584,0.03259304,0.5,1.0,0.0
715,0.48521984,0.8862408,0.03643368,0.5,1.0,0.07478860003353245
716,0.48688054,0.8896172,0.036354057,0.5,1.0,0.0
717,0.4806397,0.8985841,0.038263045,0.5,1.0,0.0
718,0.49102512,0.8737281,0.03528879,0.5,1.0,0.0
719,0.4948522,0.8791575,0.030450074,0.5,0.8571428571428572,0.0
720,0.47398674,0.91137064,0.035433747,0.5,1.0,0.01939165811005441
721,0.48959702,0.87791455,0.034666367,0.5,1.0,0.0
722,0.49653557,0.868444,0.037512507,0.5,1.0,0.0
723,0.4604187,0.918947,0.04187492,0.5,1.0,0.0
724,0.4838527,0.8897922,0.038950663,0.5,1.0,0.0
725,0.4860038,0.8796364,0.03777143,0.5,0.7142857142857144,0.03299427369866636
726,0.4868568,0.88619536,0.040575214,0.75,0.5714285714285714,0.0
727,0.4871822,0.8792154,0.036292247,0.5,0.7142857142857144,0.0
728,0.47098273,0.90668786,0.042390935,0.5,1.0,0.02155710006386306
729,0.48962212,0.87695277,0.039671887,0.5,1.0,0.05863943605883927
730,0.48441088,0.8959347,0.03350077,0.25,1.0,0.19094672916978994
731,0.4904137,0.8987638,0.031907134,0.5,1.0,0.04883472475450208
732,0.4933533,0.8841757,0.02802538,0.5,0.8571428571428572,0.03684114998606465
733,0.48987794,0.88961005,0.028866712,0.5,1.0,0.0
734,0.48392496,0.8998618,0.033759028,0.0,1.0,0.0
735,0.48216256,0.8955412,0.03859044,0.5,0.8571428571428572,0.0
736,0.5114371,0.8519554,0.027939573,0.5,1.0,0.015754738408624663
737,0.4852491,0.8867241,0.036277078,0.5,1.0,0.020031121230476744
738,0.4888029,0.8783265,0.039438166,0.5,1.0,0.0
739,0.4844041,0.88688433,0.037832923,0.5,0.8571428571428572,0.04244111959236418
740,0.48575422,0.8838848,0.042075,0.5,1.0,0.0
741,0.47365865,0.91345996,0.033423074,0.5,1.0,0.02428949199829225
742,0.48699853,0.8779945,0.03672396,0.5,1.0,0.0
743,0.49017936,0.8808438,0.04058137,0.5,1.0,0.019996146809291775
744,0.4819582,0.8977655,0.036899928,0.5,1.0,0.0
745,0.4949376,0.876299,0.0442961,0.5,0.8571428571428572,0.0
746,0.4841754,0.8899706,0.037345435,0.5,0.7142857142857144,0.03748053553517071
747,0.48920223,0.881915,0.033851553,0.5,0.8571428571428572,0.0
748,0.4835543,0.8984601,0.03286302,0.5,0.7142857142857144,0.0
749,0.4873023,0.8802787,0.03942184,0.25,1.0,0.02202872022376918
750,0.4823254,0.87771976,0.0395082,0.5,1.0,0.0
751,0.48813397,0.8795513,0.036952525,0.25,0.8571428571428572,0.1569865245091517
752,0.4874909,0.89887863,0.03762562,0.25,1.0,0.13239500525750214
753,0.4861141,0.8803389,0.040207185,0.5,1.0,0.016658405492978492
754,0.4839084,0.8941356,0.03387346,0.5,1.0,0.06261671178030939
755,0.49128166,0.8748566,0.03999727,0.5,1.0,0.0
756,0.4912733,0.8820692,0.033260945,0.5,0.8571428571428572,0.0
757,0.48408782,0.8900162,0.036428653,0.25,1.0,0.0
758,0.4833554,0.89191145,0.038173597,0.5,1.0,0.0
759,0.49440506,0.8903098,0.025301877,0.5,1.0,0.0
760,0.48876768,0.88117987,0.04044465,0.25,1.0,0.05515946059607494
761,0.4839607,0.88983047,0.0368465,0.25,1.0,0.020161773779684446
762,0.48907727,0.8767759,0.037906736,0.5,0.8571428571428572,0.0
763,0.4875217,0.8907773,0.038719587,0.5,0.8571428571428572,0.02324979766944559
764,0.49396068,0.8870342,0.038858686,0.5,1.0,0.0
765,0.472834,0.89590454,0.04141268,0.5,1.0,0.019690825078069792
766,0.48813665,0.8788001,0.03929648,0.5,1.0,0.06427510136581785
767,0.48554957,0.8969681,0.042017136,0.5,1.0,0.0
768,0.48396462,0.88848454,0.038779847,0.5,1.0,0.019280311372994328
769,0.48997462,0.89092684,0.037653975,0.5,1.0,0.043062454276161025
770,0.4892885,0.8771316,0.03693182,0.25,1.0,0.19349421068254627
771,0.4898019,0.8835033,0.03312411,0.5,1.0,0.0
772,0.51103085,0.8637188,0.022642845,0.5,1.0,0.0
773,0.4896251,0.8874183,0.030464202,0.5,1.0,0.0
774,0.48925617,0.8955766,0.030756515,0.5,1.0,0.05170690254858461
775,0.49859077,0.8685931,0.030641751,0.25,1.0,0.11054734068397505
776,0.49821883,0.8689709,0.03393486,0.5,1.0,0.0
777,0.48908734,0.89085776,0.040342964,0.5,1.0,0.0
778,0.50410396,0.8737297,0.032161057,0.5,1.0,0.0
779,0.49930245,0.87437165,0.030381177,0.5,1.0,0.0
780,0.47983247,0.8997046,0.038098577,0.25,1.0,0.17582348378054133
781,0.48811448,0.8786247,0.0390125,0.25,1.0,0.08420187073642657
782,0.49948928,0.8773547,0.03570188,0.25,1.0,0.11660807374468282
783,0.4868577,0.8944668,0.041939795,0.5,1.0,0.028124626199389893
784,0.48611572,0.8833445,0.040161982,0.5,1.0,0.0
785,0.4801107,0.90279794,0.03836135,0.25,1.0,0.05752132726552483
786,0.48261994,0.8987545,0.037473794,0.25,0.8571428571428572,0.14308902167734242
787,0.50510705,0.86240816,0.027944017,0.5,1.0,0.10928401688991203
788,0.49073014,0.87825096,0.042402245,0.5,1.0,0.0
789,0.4697147,0.886893,0.04083516,0.5,1.0,0.03235587961734334
790,0.4903409,0.87866557,0.04045996,0.5,1.0,0.0
791,0.4886065,0.8813345,0.035472352,0.5,1.0,0.0
792,0.48934218,0.9012956,0.03192902,0.5,1.0,0.0
793,0.48757097,0.8985344,0.032815576,0.5,1.0,0.0
794,0.4866631,0.87846655,0.03895663,0.25,1.0,0.03774947474188052
795,0.4856413,0.89105225,0.032254778,0.25,1.0,0.05563987458113323
796,0.4813936,0.8945614,0.034211077,0.25,1.0,0.0
797,0.4840306,0.89735013,0.031738997,0.5,1.0,0.0
798,0.4811589,0.8965985,0.03946208,0.25,1.0,0.35226508599494755
799,0.48709148,0.8916405,0.033249214,0.5,1.0,0.0
800,0.49424946,0.8732422,0.04153986,0.25,1.0,0.12022824942497054
801,0.48949337,0.87835044,0.03975403,0.25,1.0,0.09275142292532848
802,0.4883376,0.8765971,0.038096063,0.25,0.8571428571428572,0.15454644166659892
803,0.4810937,0.9019707,0.03280461,0.5,1.0,0.02660212208572207
804,0.47316658,0.8915191,0.04122801,0.25,1.0,0.5356411837980967
805,0.48910746,0.8760871,0.03757153,0.25,1.0,0.15443770303346727
806,0.48199534,0.87942183,0.041991323,0.25,1.0,0.10643085668854976
807,0.48552617,0.8864471,0.04006998,0.5,0.7142857142857144,0.21864919889720538
808,0.48908114,0.8770287,0.038048644,0.5,1.0,0.08596005494368664
809,0.4945029,0.8720847,0.040389724,0.5,1.0,0.06596368588452041
810,0.49548566,0.8678956,0.034179673,0.5,1.0,0.04445391523505834
811,0.4894116,0.89539856,0.03232802,0.25,1.0,0.09220349131052544
812,0.48363963,0.89871603,0.033461988,0.5,1.0,0.026873966866003008
813,0.49041185,0.8863684,0.03112254,0.5,1.0,0.0234846871052993
814,0.5084544,0.85607934,0.027741402,0.5,1.0,0.017140874463401682
815,0.4908103,0.89886963,0.03392197,0.5,1.0,0.04961348089848244
816,0.47740912,0.88467014,0.041234728,0.5,1.0,0.022913530564944856
817,0.48327518,0.893276,0.03620362,0.25,1.0,0.13132924718257757
818,0.49847034,0.8750282,0.029000884,0.5,1.0,0.01992713794242343
819,0.4841633,0.8870736,0.04008647,0.5,1.0,0.01839998427449455
820,0.44295216,0.94793516,0.032282986,0.25,1.0,0.0
821,0.4502517,0.934754,0.039061204,0.5,0.8571428571428572,0.058865275355796734
822,0.45372936,0.92640764,0.033563357,0.5,0.8571428571428572,0.0
823,0.44775206,0.9341271,0.036485396,0.5,0.8571428571428572,0.0
824,0.44440776,0.94259894,0.040748894,0.5,0.8571428571428572,0.016558778366864334
825,0.4460386,0.935089,0.04111888,0.75,0.7142857142857144,0.0
826,0.44941944,0.9467111,0.03349322,0.25,1.0,0.09974202895494029
827,0.4474528,0.9383889,0.035074774,0.5,1.0,0.0
828,0.4424426,0.94740665,0.041924715,0.5,0.8571428571428572,0.05435069258661376
829,0.43962988,0.9529133,0.04057496,0.5,0.8571428571428572,0.0
830,0.4486232,0.94590247,0.039931998,0.5,1.0,0.024969216749008257
831,0.4595538,0.9377366,0.021252444,0.5,1.0,0.0
832,0.44852647,0.9336729,0.03539288,0.5,1.0,0.0
833,0.44683558,0.9375181,0.039670635,0.5,0.8571428571428572,0.0
834,0.44719356,0.93500805,0.03777317,0.5,1.0,0.0
835,0.44793123,0.9402313,0.034683336,0.5,1.0,0.0
836,0.44565508,0.93750834,0.043337204,0.5,1.0,0.0
837,0.44528255,0.9385818,0.037269022,0.5,1.0,0.0
838,0.44991645,0.94173694,0.031329677,0.5,1.0,0.0
839,0.45012218,0.9459833,0.032003902,0.25,1.0,0.0
840,0.44674987,0.9352294,0.037624218,0.5,1.0,0.04060326298035379
841,0.451378,0.931937,0.034237824,0.5,0.8571428571428572,0.0
842,0.44901487,0.931335,0.036621716,0.5,0.8571428571428572,0.0
843,0.44353727,0.9425808,0.040149797,0.5,1.0,0.10448478319532498
844,0.44939482,0.9332886,0.044586804,0.5,0.8571428571428572,0.019300603453065696
845,0.44606948,0.94012153,0.045530338,0.5,1.0,0.0
846,0.44344413,0.94511235,0.040714625,0.25,1.0,0.17387205340239445
847,0.44446564,0.9369112,0.041706763,0.5,1.0,0.031035838567222303
848,0.44855994,0.9441899,0.036185,0.5,0.7142857142857144,0.0
849,0.4399307,0.95386595,0.03769981,0.5,1.0,0.0
850,0.45124087,0.92690706,0.037588075,0.5,1.0,0.0
851,0.44966868,0.9420141,0.03659697,0.5,1.0,0.0
852,0.4658191,0.92026985,0.02467791,0.5,1.0,0.0
853,0.45184156,0.93691754,0.034385324,0.5,1.0,0.0
854,0.45208868,0.9335204,0.0382521,0.5,1.0,0.0
855,0.4494229,0.9360806,0.03496383,0.25,1.0,0.057513251463343795
856,0.4518878,0.933887,0.03177843,0.5,1.0,0.0
857,0.45562127,0.9251375,0.031589523,0.5,0.8571428571428572,0.0
858,0.44956824,0.92968017,0.036873966,0.5,1.0,0.0
859,0.44903103,0.9515048,0.03375789,0.5,1.0,0.0
860,0.44680965,0.94223034,0.03784986,0.25,0.8571428571428572,0.17095615564190808
861,0.45230353,0.9340559,0.032414414,0.5,0.8571428571428572,0.04046746497718048
862,0.43990752,0.9565927,0.042036984,0.5,0.7142857142857144,0.0
863,0.44600964,0.9376611,0.03798673,0.5,0.7142857142857144,0.019255797013217776
864,0.44484478,0.9445702,0.042488866,0.5,0.8571428571428572,0.02269734142757549
865,0.4474645,0.9362694,0.03487932,0.25,0.8571428571428572,0.21933638341803308
866,0.44485527,0.941383,0.038035847,0.5,0.7142857142857144,0.0
867,0.4438567,0.94613534,0.03810528,0.5,0.8571428571428572,0.031033521682110383
868,0.4510668,0.92718935,0.038496707,0.5,0.8571428571428572,0.0
869,0.4545884,0.9271054,0.031887263,0.5,0.7142857142857144,0.04073492492991169
870,0.4791976,0.9044676,0.019792499,0.5,1.0,0.017733223163805035
871,0.454686,0.9303243,0.03106543,0.5,1.0,0.0
872,0.4531387,0.92755646,0.03644593,0.5,1.0,0.0
873,0.4503556,0.9425073,0.030838896,0.5,1.0,0.0
874,0.45483178,0.9289892,0.032547858,0.5,0.8571428571428572,0.0
875,0.45779908,0.92677367,0.034399405,0.5,1.0,0.0
876,0.4531368,0.9292858,0.039594978,0.5,0.8571428571428572,0.0
877,0.4477235,0.9415002,0.036145367,0.5,1.0,0.0
878,0.4485454,0.9423896,0.03582829,0.5,1.0,0.0
879,0.45063376,0.9428285,0.03155251,0.5,1.0,0.0
880,0.44614235,0.93561167,0.038887978,0.5,0.8571428571428572,0.0
881,0.44411337,0.9447063,0.0390964,0.5,0.7142857142857144,0.03774898672385222
882,0.43182814,0.95527446,0.04147011,0.5,1.0,0.042996534585195735
883,0.44450328,0.9427043,0.041468855,0.5,1.0,0.017465851357618953
884,0.44737318,0.9328404,0.03912964,0.5,0.7142857142857144,0.023585711410486408
885,0.44579712,0.93884647,0.03804897,0.5,0.8571428571428572,0.0
886,0.44404513,0.9454167,0.035541754,0.25,0.8571428571428572,0.09221883182511194
887,0.44536757,0.94027245,0.039495286,0.5,0.8571428571428572,0.0
888,0.45125842,0.9297113,0.03932979,0.5,1.0,0.02709186114765217
889,0.44546735,0.9357954,0.040275574,0.5,0.8571428571428572,0.05120659469986256
890,0.45286214,0.93763524,0.036115605,0.5,1.0,0.0
891,0.44871312,0.9319524,0.03703911,0.5,1.0,0.0
892,0.44796103,0.9322331,0.038234238,0.5,0.8571428571428572,0.01583271725876132
893,0.44554585,0.9378346,0.041170444,0.25,1.0,0.0
894,0.44732776,0.9408873,0.035565645,0.5,0.7142857142857144,0.0
895,0.4466933,0.94022536,0.038085833,0.5,0.8571428571428572,0.019700854510193645
896,0.454372,0.92936087,0.03323597,0.5,0.8571428571428572,0.0
897,0.4491459,0.93826187,0.03330566,0.5,1.0,0.021348789028286966
898,0.44790897,0.94973326,0.039082453,0.5,1.0,0.0
899,0.44655877,0.94224,0.038684275,0.5,0.7142857142857144,0.0
900,0.44526452,0.9448595,0.044890676,0.5,1.0,0.0
901,0.45143747,0.93008566,0.034241837,0.5,0.8571428571428572,0.0
902,0.44760746,0.93488467,0.04152973,0.5,0.8571428571428572,0.0
903,0.4417693,0.9405738,0.042869363,0.25,1.0,0.037191312406464734
904,0.4431118,0.9482136,0.03829556,0.5,0.7142857142857144,0.0
905,0.44063568,0.9502217,0.040474128,0.5,0.7142857142857144,0.0
906,0.4408503,0.9521364,0.042065535,0.5,0.8571428571428572,0.0
907,0.4561532,0.9250411,0.031583436,0.5,0.8571428571428572,0.0
908,0.44889677,0.9303943,0.041763205,0.5,0.8571428571428572,0.0
909,0.442164,0.94894123,0.03939799,0.5,1.0,0.0
910,0.46142685,0.92399836,0.02649318,0.5,0.8571428571428572,0.0
911,0.45328543,0.9345792,0.036590945,0.5,1.0,0.0
912,0.45018458,0.9287114,0.036472887,0.5,1.0,0.05275669107480761
913,0.45153165,0.93269086,0.033290766,0.5,0.8571428571428572,0.01999831789280411
914,0.4548344,0.93062514,0.03392596,0.5,1.0,0.0
915,0.46452105,0.92503595,0.022216644,0.5,0.8571428571428572,0.0
916,0.44688034,0.9385966,0.037637904,0.5,1.0,0.0
917,0.44873452,0.94115186,0.033983644,0.5,0.7142857142857144,0.0
918,0.44796744,0.94131553,0.035043042,0.5,1.0,0.0
919,0.4527769,0.9368211,0.02986443,0.5,1.0,0.0
920,0.43985546,0.9526864,0.036721773,0.5,1.0,0.0
921,0.44117117,0.9534302,0.040376924,0.5,1.0,0.022247038741071156
922,0.43642616,0.9621639,0.038361385,0.25,1.0,0.803865914269936
923,0.43978566,0.9514078,0.03838226,0.5,1.0,0.0
924,0.44687748,0.9374469,0.034905523,0.5,1.0,0.0
925,0.439034,0.9555243,0.038202036,0.5,1.0,0.0
926,0.44066924,0.95780396,0.043963686,0.5,1.0,0.0
927,0.4402833,0.9570942,0.033528335,0.5,1.0,0.0
928,0.44787478,0.93390495,0.03618413,0.5,1.0,0.0
929,0.42499655,0.9676314,0.042936817,0.5,1.0,0.028543706392788436
930,0.46493196,0.9164641,0.026483469,0.5,1.0,0.019546567607811104
931,0.45128736,0.94944644,0.029066416,0.5,1.0,0.0
932,0.4398234,0.95121366,0.03902698,0.5,1.0,0.0
933,0.4516315,0.9291632,0.034442514,0.5,1.0,0.018235274636100307
934,0.45852256,0.9292104,0.027039196,0.5,0.8571428571428572,0.0
935,0.4563032,0.92755973,0.029828118,0.5,0.7142857142857144,0.0
936,0.44877943,0.9424657,0.032193493,0.5,0.8571428571428572,0.0
937,0.44536948,0.9388386,0.041321523,0.5,1.0,0.0
938,0.44897044,0.9449842,0.03662882,0.5,1.0,0.0
939,0.4476568,0.93373126,0.037112813,0.5,0.8571428571428572,0.0
940,0.44873285,0.9333297,0.035408843,0.5,0.7142857142857144,0.0
941,0.45557806,0.92030066,0.036480192,0.5,0.7142857142857144,0.0
942,0.44751352,0.932477,0.040775284,0.5,0.7142857142857144,0.0
943,0.43192744,0.9532815,0.04438816,0.25,0.7142857142857144,0.11702333174844372
944,0.45129383,0.92876333,0.038519986,0.5,0.7142857142857144,0.0
945,0.4518916,0.92779803,0.03398633,0.5,0.8571428571428572,0.02048740774889145
946,0.44267735,0.9560667,0.04521837,0.5,0.8571428571428572,0.0
947,0.4448928,0.9523674,0.045857515,0.5,0.8571428571428572,0.0
948,0.44216034,0.9451218,0.03937471,0.25,0.8571428571428572,0.11862499144592822
949,0.44747078,0.933312,0.039662026,0.5,1.0,0.0
950,0.45197248,0.9370786,0.033940352,0.5,1.0,0.0
951,0.44735262,0.93479043,0.036525197,0.5,1.0,0.0
952,0.4428817,0.9448776,0.038422823,0.5,1.0,0.0
953,0.44734767,0.95569754,0.03268676,0.5,1.0,0.0
954,0.4449373,0.93740606,0.042515326,0.5,1.0,0.0
955,0.455824,0.9298621,0.03555741,0.5,1.0,0.0
956,0.46441182,0.92207676,0.024813574,0.5,1.0,0.019251648867477645
957,0.4380987,0.9553927,0.03870299,0.5,1.0,0.021935944389628245
958,0.45717824,0.9276681,0.030076385,0.5,0.8571428571428572,0.0
959,0.45119515,0.9279535,0.035245884,0.5,1.0,0.0
960,0.43333918,0.9565082,0.04401617,0.5,0.8571428571428572,0.020485310635946056
961,0.42557132,0.9719217,0.04763631,0.5,1.0,0.1365897128891399
962,0.42117375,0.9690259,0.043457657,0.25,1.0,0.11156031152304206
963,0.44547093,0.940477,0.042795166,0.5,0.8571428571428572,0.07072633219524911
964,0.43656048,0.9471004,0.043805607,0.5,0.8571428571428572,0.0
965,0.44050306,0.9560107,0.04026932,0.5,0.5714285714285714,0.0
966,0.4356753,0.94345844,0.04333609,0.5,0.8571428571428572,0.016962757951794864
967,0.44652694,0.9336014,0.040784795,0.5,1.0,0.0
968,0.44393837,0.9398991,0.041427523,0.5,1.0,0.0
969,0.44470567,0.93762314,0.039947376,0.5,0.8571428571428572,0.04743403588967137
970,0.43269593,0.9499487,0.04156077,0.5,1.0,0.02996412373147826
971,0.4514007,0.9334254,0.033939205,0.5,0.8571428571428572,0.0
972,0.4531988,0.92406285,0.038843665,0.5,1.0,0.0
973,0.452418,0.9272618,0.041126255,0.25,1.0,0.10345178386799123
974,0.45739526,0.9228035,0.033851564,0.5,1.0,0.0
975,0.44907385,0.9298623,0.040303502,0.5,1.0,0.0
976,0.44755715,0.94265646,0.03864689,0.5,1.0,0.019045986830573465
977,0.45472294,0.9302645,0.03216348,0.5,1.0,0.0
978,0.45797628,0.9271215,0.02744332,0.5,1.0,0.0
979,0.4546004,0.93134904,0.03076363,0.5,1.0,0.0
980,0.4442153,0.94273734,0.035435703,0.5,0.8571428571428572,0.022479122884091526
981,0.44381788,0.944039,0.039941303,0.5,0.8571428571428572,0.0
982,0.44403753,0.94064164,0.043112785,0.5,0.8571428571428572,0.05055766968246033
983,0.44613683,0.93974984,0.042843945,0.5,1.0,0.018261504187231065
984,0.44160664,0.95128405,0.039649356,0.5,0.8571428571428572,0.0
985,0.44420063,0.95313036,0.04342191,0.5,0.8571428571428572,0.02422149244834663
986,0.44544435,0.9382671,0.038440146,0.5,0.8571428571428572,0.019616665022638383
987,0.4463827,0.9392395,0.040290337,0.5,0.8571428571428572,0.031210841997299663
988,0.442187,0.9467144,0.039675012,0.5,0.7142857142857144,0.03546301408328289
989,0.44511628,0.9403282,0.042291746,0.5,0.8571428571428572,0.06875562219988537
990,0.44627202,0.938812,0.035214186,0.5,0.8571428571428572,0.02227192754283695
991,0.44000572,0.95115906,0.040392537,0.5,1.0,0.0
992,0.4481392,0.93785393,0.037602916,0.5,1.0,0.0
993,0.4537313,0.93611693,0.028120812,0.5,1.0,0.0
994,0.45122552,0.93231,0.03388956,0.25,1.0,0.0
995,0.44796982,0.93723583,0.039663244,0.5,1.0,0.0
996,0.45027345,0.9435732,0.032327093,0.25,1.0,0.0
997,0.45189744,0.92644954,0.03946968,0.5,1.0,0.0165621394298265
998,0.44700652,0.93469286,0.037993975,0.25,0.8571428571428572,0.0
999,0.45353442,0.9281548,0.03497298,0.5,1.0,0.0
1000,0.4471024,0.9339901,0.0382158,0.5,1.0,0.0
1001,0.44388503,0.9456141,0.03575876,0.5,0.8571428571428572,0.0
1002,0.44552508,0.9372032,0.04169853,0.25,1.0,0.16145648343551228
1003,0.44317582,0.9484402,0.038966194,0.5,1.0,0.0
1004,0.44117278,0.95243824,0.034062747,0.5,0.8571428571428572,0.0
1005,0.44339937,0.949133,0.037888456,0.5,0.8571428571428572,0.0
1006,0.4366083,0.9437916,0.04298521,0.5,1.0,0.05799903436669784
1007,0.446769,0.9388914,0.043978743,0.5,0.8571428571428572,0.0
1008,0.44761056,0.93370366,0.037347276,0.5,0.7142857142857144,0.03889495425072292
1009,0.442872,0.95317197,0.042504855,0.5,1.0,0.0
1010,0.4507081,0.9387382,0.030512609,0.5,0.7142857142857144,0.0
1011,0.4460742,0.9355519,0.039377794,0.5,1.0,0.01794067853149155
1012,0.4516058,0.9450985,0.03434519,0.5,1.0,0.0
1013,0.4458692,0.9382538,0.037763864,0.5,0.8571428571428572,0.05941386855106193
1014,0.4458722,0.9365357,0.03983961,0.5,0.8571428571428572,0.0
1015,0.45171732,0.933853,0.036932804,0.5,1.0,0.0
1016,0.44890743,0.94336474,0.031717665,0.5,1.0,0.0
1017,0.4588505,0.9263464,0.027865477,0.5,1.0,0.0
1018,0.44826812,0.9437264,0.034149487,0.25,1.0,0.025456317311246153
1019,0.45267907,0.9277352,0.039651036,0.5,0.7142857142857144,0.0
1020,0.4466045,0.93501365,0.038291477,0.25,1.0,0.42850287619988375
1021,0.45169038,0.9350277,0.043251902,0.5,1.0,0.0
1022,0.44410688,0.94539297,0.036440913,0.5,1.0,0.0
1023,0.44356734,0.9399011,0.042327236,0.25,1.0,0.18211774538220638
1024,0.447456,0.93359196,0.037822623,0.5,0.8571428571428572,0.04933193873272614
1025,0.4551734,0.9302211,0.04325167,0.5,1.0,0.0
1026,0.44247642,0.95492494,0.0456961,0.5,1.0,0.0
1027,0.44438523,0.93895125,0.045313045,0.25,1.0,0.07099953678528986
1028,0.4475434,0.9321147,0.041109048,0.25,1.0,0.08193824346783048
1029,0.44509828,0.93810195,0.03860973,0.5,1.0,0.0
1030,0.45021325,0.92966425,0.03544334,0.25,1.0,0.10269655311480828
1031,0.44458154,0.9416342,0.040283564,0.25,1.0,0.08422973788950046
1032,0.4515684,0.93345195,0.039024837,0.25,1.0,0.06864833872788828
1033,0.4501108,0.9379475,0.036470927,0.5,1.0,0.0
1034,0.44511718,0.93833435,0.038577646,0.25,1.0,0.5134911507825475
1035,0.45284364,0.94529855,0.02591345,0.25,1.0,0.0
1036,0.45758528,0.9279551,0.033320412,0.5,1.0,0.0
1037,0.45126167,0.93814194,0.03574293,0.5,1.0,0.012508544990907266
1038,0.44888628,0.9397143,0.033009026,0.5,1.0,0.014606662167610843
1039,0.44485915,0.9479263,0.045540657,0.5,1.0,0.06835862705356995
1040,0.45684862,0.91845906,0.035387192,0.5,1.0,0.0
1041,0.43848503,0.9588675,0.03973131,0.25,1.0,0.0
1042,0.4436692,0.95105624,0.034476437,0.5,1.0,0.04898601673355795
1043,0.44807068,0.9338739,0.043473862,0.5,1.0,0.0
1044,0.4448117,0.9413729,0.034871545,0.25,1.0,0.0
1045,0.44662678,0.934435,0.038765997,0.5,1.0,0.0
1046,0.44262558,0.9528184,0.036512442,0.5,1.0,0.0
1047,0.4462628,0.95028996,0.045624863,0.5,1.0,0.09550515571407774
1048,0.4509396,0.9493526,0.034008652,0.5,0.8571428571428572,0.027597706893848502
1049,0.43414932,0.9711036,0.04146745,0.5,1.0,0.0
1050,0.45838583,0.9248802,0.029837258,0.5,1.0,0.0
1051,0.43196326,0.96213603,0.045808304,0.5,1.0,0.016008862122806913
1052,0.44796425,0.95194376,0.034651827,0.5,1.0,0.0
1053,0.4449978,0.93690866,0.04062454,0.5,1.0,0.01984264825475444
1054,0.43346786,0.9679848,0.03436668,0.5,1.0,0.0
1055,0.4454298,0.9512248,0.042034388,0.25,1.0,0.02576381479821826
1056,0.448534,0.94120014,0.03542965,0.25,1.0,0.0
1057,0.4446194,0.94072294,0.041009575,0.5,1.0,0.02279258618456995
1058,0.4463601,0.9368532,0.043985896,0.5,1.0,0.013757134368099078
1059,0.45349437,0.9330957,0.038057745,0.25,1.0,0.047270662536116045
1060,0.43754292,0.9612901,0.03859766,0.25,1.0,0.1191257617212935
1061,0.42479378,0.9659049,0.043633714,0.25,1.0,0.11288520642661998
1062,0.44594496,0.9352448,0.040255867,0.5,1.0,0.037060217826892304
1063,0.4468395,0.9336976,0.039033312,0.25,1.0,0.15146684241498426
1064,0.44322395,0.94650924,0.03990573,0.5,0.7142857142857144,0.0
1065,0.44727856,0.93651146,0.042800568,0.25,1.0,1.0
1066,0.44161937,0.95356244,0.037825026,0.25,1.0,0.271876505274892
1067,0.4435072,0.94857323,0.043968096,0.5,1.0,0.025111286236185186
1068,0.44275802,0.94003606,0.042070106,0.5,1.0,0.014856882702048022
1069,0.44445318,0.93907917,0.04320755,0.25,1.0,0.3466840696969231
1070,0.45358384,0.92340946,0.035076164,0.5,1.0,0.0
1071,0.44934708,0.9448051,0.03387133,0.5,1.0,0.0
1072,0.44900876,0.9381217,0.035037864,0.5,1.0,0.0
1073,0.44935182,0.93031824,0.03671857,0.5,1.0,0.032102697452845705
1074,0.4489485,0.93111855,0.037044737,0.5,1.0,0.016376428028500686
1075,0.46019986,0.92836046,0.024662642,0.5,0.8571428571428572,0.0
1076,0.4505011,0.9413615,0.032378294,0.25,1.0,0.0
1077,0.44955367,0.9380824,0.036316458,0.25,1.0,0.0
1078,0.44800127,0.9418266,0.034866907,0.5,1.0,0.0
1079,0.44411305,0.9407588,0.038324907,0.5,0.8571428571428572,0.0
1080,0.4462356,0.9396351,0.042339433,0.25,1.0,0.1643849300851773
1081,0.4445181,0.93855023,0.04062055,0.25,1.0,0.2621364964937256
1082,0.45712805,0.92763966,0.028839242,0.5,1.0,0.0
1083,0.44130898,0.9545673,0.042594057,0.25,1.0,0.20738621415648262
1084,0.43885326,0.9596449,0.037630394,0.25,1.0,0.5723463203263809
1085,0.4472313,0.93348104,0.038580224,0.25,1.0,0.0
1086,0.44668794,0.9341121,0.042548247,0.5,1.0,0.0406185907052434
1087,0.43682694,0.96252525,0.038478818,0.5,1.0,0.06219178414180545
1088,0.435093,0.96765125,0.04098323,0.5,1.0,0.04690124053237526
1089,0.43639958,0.9461596,0.042742256,0.25,1.0,0.2864326776567125
1090,0.44681928,0.94033724,0.038748063,0.25,1.0,0.02390595220467125
1091,0.45277494,0.9299265,0.034722354,0.25,1.0,0.01918403039235613
1092,0.44967407,0.9412222,0.030818079,0.5,1.0,0.020637773229380582
1093,0.4563349,0.92882407,0.032063447,0.5,1.0,0.0
1094,0.4499853,0.9384196,0.031959563,0.5,1.0,0.04150341568268695
1095,0.44879878,0.94147754,0.039332338,0.5,1.0,0.0
1096,0.45359027,0.92813385,0.03397936,0.5,1.0,0.0
1097,0.45144236,0.9487877,0.028421998,0.5,1.0,0.05765627032534919
1098,0.42820948,0.9570564,0.04459075,0.25,1.0,0.0
1099,0.44931906,0.9387789,0.039897777,0.25,1.0,0.0
