,week_T-0,FERARI__T-0,VPD__T-0,TSS__T-0,Cracking index__T-0,Acceptance_Score__T-0,Shattering(%)__T-0,FER_RG__T-0,weight__T-0,Rachis_Score__T-0,Firmness__T-0,berry weight__T-0
0,3,0.7103,0.11,20.7,1,5.0,0,2.796,629.4,0.0,1.60001526416885,20.7
1,3,0.6513,0.11,19.2,1,5.0,0,4.331,727.16,0.0,2.1211803492995913,19.2
2,3,0.4775,0.11,19.7,1,5.0,0,3.236,687.57,0.0,2.5014509836018113,19.7
3,3,0.6319,0.11,16.9,1,5.0,0,2.895,709.24,0.0,2.7279676575434944,16.9
4,3,0.538,0.11,18.2,1,5.0,0,4.017,709.33,0.0,2.5930287716887146,18.2
5,3,0.5647,0.11,20.3,1,4.5,0,2.543,609.2,0.0,2.041114373440381,20.3
6,3,0.4217,0.11,18.4,1,5.0,0,3.72,735.9,0.0,2.9178774341306437,18.4
7,3,0.4582,0.11,17.5,1,5.0,0,3.472,742.56,0.0,2.7290741003921006,17.5
8,3,0.5255,0.11,17.4,1,5.0,0,2.911,603.83,0.0,2.815395129514905,17.4
9,3,0.3126,0.11,18.9,1,5.0,0,2.517,688.84,0.0,2.2464533430341684,18.9
10,3,0.4657,0.11,17.2,1,5.0,0,3.836,722.75,0.0,2.305065234919975,17.2
11,3,0.4897,0.11,17.5,1,5.0,0,3.762,709.47,0.0,3.2401749000294187,17.5
12,3,0.4608,0.11,17.5,1,5.0,0,2.674,722.22,0.0,2.242366806832255,17.5
13,3,0.4741,0.11,18.4,1,5.0,0,3.885,731.98,0.0,2.799286541776667,18.4
14,3,0.6273,0.11,16.4,1,5.0,0,4.514,730.97,0.0,2.172207053202384,16.4
15,3,0.284,0.11,15.2,1,5.0,0,2.685,665.0,0.0,3.05001924725369,15.2
16,3,0.444,0.11,19.1,1,5.0,0,2.344,664.3,0.0,1.285044169212476,19.1
17,3,0.39,0.11,17.5,1,5.0,0,2.558,707.22,0.0,2.4577950192769555,17.5
18,3,0.6321,0.11,18.7,1,5.0,0,4.471,730.54,0.0,3.628972631473157,18.7
19,3,0.3691,0.11,17.8,1,5.0,0,2.818,693.52,0.0,3.1564891829879658,17.8
20,3,0.4933,0.11,18.3,1,5.0,0,2.557,722.74,0.0,1.819677908267239,18.3
21,3,0.476,0.11,17.9,1,5.0,0,4.704,693.88,0.0,3.188509472644264,17.9
22,3,0.6837,0.11,17.6,1,4.5,0,3.924,766.5,0.0,1.44686859950717,17.6
23,3,0.5486,0.11,18.3,1,5.0,0,3.117,711.38,0.0,2.702063769164749,18.3
24,3,0.3021,0.11,17.4,1,5.0,0,2.84,601.25,0.0,2.228668914957982,17.4
25,3,0.3727,0.11,15.6,1,5.0,0,3.65,685.6,0.0,1.4443691663721383,15.6
26,3,0.6573,0.11,16.3,1,5.0,0,5.732,699.99,0.0,2.283165615898093,16.3
27,3,0.4569,0.11,16.5,1,5.0,0,2.656,590.38,0.0,2.363212180479257,16.5
28,6,0.6166,0.097,18.0,1,5.0,0,3.291,665.86,0.0,2.4796724539810713,18.0
29,6,0.4819,0.097,19.2,1,5.0,0,2.758,665.74,0.0,1.8409563663916575,19.2
30,6,0.6339,0.097,18.6,1,5.0,0,4.913,694.92,0.0,3.1125559146910287,18.6
31,6,0.5943,0.097,18.5,1,4.5,0,4.502,629.87,0.0,2.5322372705823444,18.5
32,6,0.4883,0.097,18.6,1,5.0,0,3.267,598.14,0.0,3.7632589286469704,18.6
33,6,0.6641,0.097,16.9,1,5.0,0,4.141,539.5,0.0,1.6869935037054857,16.9
34,6,0.5859,0.097,18.4,1,5.0,0,4.117,741.64,0.0,1.7573482944623875,18.4
35,6,0.7479,0.097,18.5,1,5.0,0,4.887,758.91,0.0,1.7333152835486219,18.5
36,6,0.4278,0.097,17.2,1,5.0,0,3.184,753.53,0.0,2.9775033342076958,17.2
37,6,0.5299,0.097,17.0,1,4.5,0,3.455,520.58,0.0,2.451376356669833,17.0
38,6,0.4838,0.097,18.3,1,5.0,0,3.866,754.58,0.0,2.5547099844798624,18.3
39,6,0.6354,0.097,17.7,1,5.0,0,4.376,770.61,0.0,2.202175293465276,17.7
40,6,0.533,0.097,19.0,1,5.0,0,3.688,670.24,0.0,2.3743773627418485,19.0
41,6,0.4045,0.097,17.7,1,5.0,0,3.373,678.23,0.0,2.122245196552386,17.7
42,6,0.2927,0.097,18.1,1,5.0,0,2.17,585.37,0.0,1.8319199542880815,18.1
43,6,0.3459,0.097,14.8,1,5.0,0,2.769,647.91,0.0,1.7743553470701712,14.8
44,6,0.3274,0.097,17.4,1,5.0,0,3.306,622.55,0.0,2.5926211348497548,17.4
45,6,0.2326,0.097,17.4,1,5.0,0,2.63,710.44,0.0,1.4922669571232732,17.4
46,6,0.482,0.097,18.0,1,5.0,0,4.116,521.88,0.0,1.8672799081148197,18.0
47,6,0.3819,0.097,17.7,1,5.0,0,3.25,554.77,0.0,2.397708794606247,17.7
48,6,0.8123,0.097,19.9,1,4.5,0,2.344,533.85,0.2,1.0002252594871448,19.9
49,6,0.6169,0.097,18.0,1,4.5,0,3.4,721.67,0.0,1.9220465182544237,18.0
50,6,0.3978,0.097,17.4,1,4.5,0,2.973,698.92,0.0,1.5002237324288767,17.4
51,6,0.3578,0.097,17.6,1,4.5,0,2.967,662.57,0.0,1.9888647590207076,17.6
52,6,0.6573,0.097,17.2,1,5.0,0,5.408,486.99,0.0,1.5421225139173065,17.2
53,6,0.649,0.097,18.9,1,4.5,0,3.109,543.03,0.0,1.1839289731791014,18.9
54,6,1.145,0.097,16.1,1,5.0,0,5.131,490.33,0.0,1.9124065078382826,16.1
55,6,0.7861,0.097,16.1,1,5.0,0,4.277,601.41,0.1,2.372161704004914,16.1
56,9,0.7729,0.091,17.8,1,5.0,0,2.784,759.45,0.0,2.188390513013084,17.8
57,9,0.6417,0.091,17.7,1,5.0,0,5.665,730.99,0.0,2.475218952189436,17.7
58,9,0.7867,0.091,18.9,1,5.0,0,5.187,587.89,0.0,2.493835292181868,18.9
59,9,0.7007,0.091,18.6,1,5.0,0,2.514,681.95,0.0,1.469589962632988,18.6
60,9,0.364,0.091,19.6,1,5.0,0,2.848,760.04,0.0,1.9627972612984341,19.6
61,9,0.6503,0.091,17.0,1,5.0,0,2.839,651.25,0.0,2.1820596633304543,17.0
62,9,0.6032,0.091,18.1,1,5.0,0,4.688,686.78,0.0,2.3208826534875273,18.1
63,9,0.7366,0.091,18.6,1,5.0,0,3.543,723.39,0.0,2.1301381919444107,18.6
64,9,0.6957,0.091,20.1,1,5.0,0,3.296,553.11,0.0,2.366813434730028,20.1
65,9,0.5613,0.091,18.3,1,5.0,0,4.886,636.64,0.0,1.5018931023408102,18.3
66,9,0.569,0.091,18.9,1,5.0,0,2.854,738.84,0.0,1.9531905273589432,18.9
67,9,0.6938,0.091,18.1,1,4.5,0,5.243,639.08,0.0,1.8925459973577763,18.1
68,9,0.8967,0.091,18.5,1,5.0,0,3.871,631.09,0.0,1.8767942073969504,18.5
69,9,1.016,0.091,19.4,1,5.0,0,4.135,705.92,0.0,1.3753269477497576,19.4
70,9,0.7535,0.091,17.8,1,5.0,0,3.108,618.79,0.0,1.900658062887746,17.8
71,9,0.7296,0.091,18.7,1,5.0,0,4.239,559.24,0.0,1.8007288035083084,18.7
72,9,0.6734,0.091,18.5,1,4.5,0,3.782,524.83,0.0,1.5561836739950068,18.5
73,9,0.4513,0.091,14.2,1,5.0,0,4.07,537.01,0.0,2.7930767814951794,14.2
74,9,0.2885,0.091,14.1,1,5.0,0,2.314,726.4,0.0,2.2596456173326787,14.1
75,9,0.3178,0.091,18.4,1,5.0,0,2.665,741.23,0.0,2.318182637146023,18.4
76,9,0.3757,0.091,17.1,1,5.0,0,2.988,573.4,0.0,1.8382332413858133,17.1
77,9,0.2176,0.091,17.4,1,5.0,0,2.384,716.16,0.0,1.7808026644210755,17.4
78,9,0.5169,0.091,18.4,1,5.0,0,3.646,719.48,0.0,2.0442913526138664,18.4
79,9,0.5135,0.091,18.3,1,5.0,0,3.597,716.3,0.0,2.2683261560054158,18.3
80,9,0.5181,0.091,16.7,1,5.0,0,4.103,674.53,0.0,2.634904444512804,16.7
81,9,0.3784,0.091,19.0,1,5.0,0,3.088,502.46,0.0,2.215907386162772,19.0
82,9,0.3625,0.091,16.0,1,5.0,0,3.032,750.49,0.0,2.7913667403340074,16.0
83,9,0.5521,0.091,15.7,1,5.0,0,4.253,717.46,0.0,1.9031953942322952,15.7
84,12,0.6286,0.09,17.1,1,5.0,0,4.631,744.0,0.0,2.629538612653019,17.1
85,12,0.6218,0.09,17.6,1,4.5,0,4.541,723.47,0.0,3.5362514266747023,17.6
86,12,0.5219,0.09,19.2,1,5.0,0,5.122,617.64,0.1,2.192909643411446,19.2
87,12,0.4519,0.09,18.8,1,5.0,0,3.962,658.2,0.0,2.6400558279675126,18.8
88,12,0.306,0.09,17.3,1,5.0,0,2.489,738.09,0.0,1.869603715400866,17.3
89,12,0.6548,0.09,15.4,1,5.0,0,4.199,708.88,0.0,3.166682877001697,15.4
90,12,0.6214,0.09,17.1,1,5.0,0,3.681,725.9,0.0,2.3550418811151506,8.55
91,12,0.4095,0.09,18.3,1,5.0,0,3.611,659.06,0.0,1.9990177817851997,9.15
92,12,0.4647,0.09,16.3,1,5.0,0,3.622,704.12,0.0,3.182250721994375,8.15
93,12,0.5311,0.09,19.2,1,5.0,0,4.611,762.87,0.0,1.4427081155793675,9.6
94,12,0.5383,0.09,17.2,1,5.0,0,3.531,657.64,0.0,2.445104665167914,8.6
95,12,0.6168,0.09,19.1,1,5.0,0,3.657,779.19,0.0,2.4585705460522114,9.55
96,12,0.5178,0.09,17.7,1,5.0,0,3.962,789.94,0.0,1.7974584653308887,8.85
97,12,0.618,0.09,17.2,1,5.0,0,4.401,747.51,0.0,2.6123938324057683,8.6
98,12,0.3574,0.09,17.5,1,5.0,0,3.112,606.36,0.0,1.8114826515456446,8.75
99,12,0.6701,0.09,18.0,1,5.0,0,2.789,653.15,0.0,1.6952174151708614,9.0
100,12,0.5377,0.09,16.0,1,5.0,0,4.142,656.89,0.0,3.0725659088770962,8.0
101,12,0.5275,0.09,18.3,1,5.0,0,4.476,760.49,0.0,1.4658287964249839,9.15
102,12,0.546,0.09,17.4,1,5.0,0,3.988,654.2,0.0,2.4900815207464526,8.7
103,12,0.4435,0.09,17.4,1,5.0,0,3.713,726.09,0.0,3.1790977758318046,8.7
104,12,0.4291,0.09,18.6,1,5.0,0,3.036,730.27,0.0,2.85461423028645,9.3
105,12,0.1681,0.09,18.6,1,5.0,0,2.09,732.72,0.0,2.1494209858164135,9.3
106,12,0.4523,0.09,18.2,1,5.0,0,2.68,683.21,0.0,0.03921725207839752,9.1
107,12,0.4075,0.09,17.8,1,5.0,0,2.8,687.53,0.0,3.4037315558030516,8.9
108,12,0.5159,0.09,18.5,1,5.0,0,3.726,771.32,0.0,1.8145866073398151,9.25
109,12,0.6347,0.09,18.2,1,5.0,0,3.735,728.17,0.0,2.9347014661168536,9.1
110,12,0.3881,0.09,16.9,1,5.0,0,3.296,717.84,0.0,1.847105119799287,8.45
111,12,0.5969,0.09,17.2,1,5.0,0,5.183,700.99,0.0,1.8713303948003628,8.6
112,3,0.667,0.087,19.4,1,5.0,0,2.863,758.03,0.0,1.5779261540993759,9.7
113,3,0.6233,0.087,17.9,1,5.0,0,4.623,634.99,0.0,2.2478574254794768,8.95
114,3,0.6342,0.087,19.1,1,5.0,0,3.493,747.74,0.0,2.632425347002392,9.55
115,3,0.1131,0.087,15.4,1,5.0,0,2.746,712.62,0.0,2.2680941450154406,7.7
116,3,0.4504,0.087,17.2,1,5.0,0,3.909,676.24,0.0,2.1547572385858427,8.6
117,3,0.2758,0.087,16.2,1,5.0,0,3.377,667.73,0.0,1.7395842020108203,8.1
118,3,0.8797,0.087,17.5,1,5.0,0,4.85,685.24,0.0,2.256341078332036,8.75
119,3,0.7546,0.087,16.6,1,5.0,0,4.513,700.28,0.0,2.0525892118051305,8.3
120,3,0.5289,0.087,16.2,1,5.0,0,3.772,581.48,0.0,1.461086898502383,8.1
121,3,0.4931,0.087,18.7,1,5.0,0,3.34,634.37,0.0,2.1763675371301865,9.35
122,3,0.5462,0.087,16.5,1,5.0,0,4.185,594.11,0.0,1.726615619583123,8.25
123,3,0.61,0.087,16.5,1,5.0,0,5.66,660.62,0.0,2.0514790715702294,8.25
124,3,0.4776,0.087,17.4,1,5.0,0,5.395,668.93,0.0,2.179148895970168,8.7
125,3,0.4903,0.087,16.8,1,5.0,0,4.222,703.53,0.0,0.039031458417102635,8.4
126,3,0.378,0.087,17.6,1,5.0,0,3.294,709.53,0.0,2.0168974175584675,8.8
127,3,0.5467,0.087,15.6,1,5.0,0,4.045,627.23,0.0,3.158906349277947,7.8
128,3,0.5196,0.087,16.7,1,5.0,0,4.241,700.91,0.0,2.44281228566537,8.35
129,3,0.4648,0.087,15.2,1,5.0,0,4.424,722.67,0.0,3.386743914473313,7.6
130,3,0.5921,0.087,15.2,1,5.0,0,3.034,671.0,0.0,1.6429391460074059,7.6
131,3,0.4808,0.087,16.6,1,5.0,0,3.307,690.61,0.0,1.963269602397547,8.3
132,3,0.5506,0.087,16.9,1,5.0,0,3.106,672.77,0.0,2.483716470240599,8.45
133,3,0.2994,0.087,17.6,1,5.0,0,2.897,715.58,0.0,2.1258935924784104,8.8
134,3,0.5456,0.087,18.7,1,5.0,0,3.795,685.08,0.0,2.3084252347150342,9.35
135,3,0.3485,0.087,16.1,1,5.0,0,3.028,679.69,0.0,2.1069962511276015,8.05
136,3,0.3386,0.087,17.4,1,5.0,0,2.698,679.57,0.0,2.5844083155432616,8.7
137,3,0.3717,0.087,16.7,1,5.0,0,3.076,701.95,0.0,3.2089245910689344,8.35
138,3,0.6096,0.087,18.1,1,5.0,0,3.877,704.16,0.0,1.952244920814144,9.05
139,3,0.3172,0.087,16.0,1,5.0,0,3.431,706.12,0.0,2.8304185343757298,8.0
140,6,0.3497,0.12,15.4,1,5.0,0,2.968,579.42,0.0,2.01991725781444,7.7
141,6,0.4117,0.12,16.1,1,5.0,0,2.739,688.0,0.0,1.7700710007015057,8.05
142,6,0.4539,0.12,19.1,1,5.0,0,3.778,685.21,0.0,2.429362118672824,9.55
143,6,0.479,0.12,18.4,1,5.0,0,4.557,637.89,0.0,2.4948234186690534,9.2
144,6,0.4828,0.12,16.8,1,5.0,0,4.345,704.96,0.0,1.5668783638516324,8.4
145,6,0.476,0.12,15.5,1,5.0,0,3.751,658.6,0.0,2.476493626114439,7.75
146,6,0.3272,0.12,19.7,1,5.0,0,3.903,723.26,0.0,2.1648178266929747,9.85
147,6,0.4657,0.12,18.0,1,5.0,0,2.566,652.37,0.0,1.8567608441071792,9.0
148,6,0.4914,0.12,17.6,1,5.0,0,3.548,723.65,0.0,2.276563932669396,8.8
149,6,0.3698,0.12,17.6,1,5.0,0,3.598,711.45,0.0,2.0525642544476432,8.8
150,6,0.5261,0.12,16.2,1,5.0,0,3.595,666.37,0.0,3.0277471165626446,8.1
151,6,0.7291,0.12,18.1,1,5.0,0,4.035,666.61,0.0,1.787911813918682,9.05
152,6,0.2692,0.12,18.7,1,5.0,0,2.558,690.28,0.0,2.311002312962249,9.35
153,6,0.4432,0.12,15.2,1,4.5,0,3.599,703.01,0.0,2.27498607306825,7.6
154,6,0.5195,0.12,16.7,1,5.0,0,3.738,745.35,0.0,2.229554438975497,8.35
155,6,0.5156,0.12,17.9,1,5.0,0,4.493,732.13,0.0,1.9033497601100875,8.95
156,6,0.4226,0.12,17.4,1,5.0,0,4.001,582.62,0.0,2.5677968832689824,8.7
157,6,0.4187,0.12,16.6,1,5.0,0,3.657,633.24,0.0,2.886429315003408,8.3
158,6,0.4846,0.12,15.1,1,5.0,0,3.818,678.77,0.0,3.5201724180268195,7.55
159,6,0.4465,0.12,17.8,1,5.0,0,3.185,624.53,0.0,2.5143252826790006,8.9
160,6,0.4248,0.12,16.4,1,5.0,0,3.195,699.54,0.0,1.808757677846653,8.2
161,6,0.399,0.12,17.2,1,5.0,0,3.409,670.93,0.0,3.3305214584802796,8.6
162,6,0.3611,0.12,17.6,1,5.0,0,3.413,613.92,0.0,2.991020978500116,8.8
163,6,0.3709,0.12,16.7,1,5.0,0,2.429,724.54,0.0,3.1967777527451733,8.35
164,6,0.3549,0.12,16.4,1,5.0,0,2.987,607.6,0.0,3.2348053707833393,8.2
165,6,0.3774,0.12,17.4,1,5.0,0,2.795,674.71,0.0,2.194078017480484,8.7
166,6,0.3566,0.12,17.8,1,5.0,0,3.245,704.25,0.0,1.7938128424445854,8.9
167,6,0.4348,0.12,16.0,1,5.0,0,3.867,687.62,0.0,2.7692998145823027,8.0
168,9,0.3864,0.11,17.6,1,5.0,0,2.922,659.42,0.0,2.119969455288167,8.8
169,9,0.3298,0.11,19.6,1,5.0,0,3.634,654.11,0.0,2.098324031574027,9.8
170,9,0.5757,0.11,16.4,1,5.0,0,4.754,697.91,0.0,3.2742611042777274,8.2
171,9,0.4778,0.11,17.0,1,5.0,0,3.472,677.77,0.0,1.9934171658957187,8.5
172,9,0.4289,0.11,15.7,1,5.0,0,2.838,715.23,0.0,3.061018971479606,7.85
173,9,0.4431,0.11,16.2,1,5.0,0,3.551,684.59,0.0,2.8532933390327666,8.1
174,9,0.4149,0.11,16.8,1,5.0,0,3.661,565.62,0.0,3.2111051246360724,8.4
175,9,0.4631,0.11,17.8,1,5.0,0,3.845,658.57,0.0,2.368771200772926,8.9
176,9,0.2235,0.11,17.5,1,5.0,0,2.898,727.91,0.0,2.303580734322763,8.75
177,9,0.2161,0.11,17.3,1,5.0,0,1.844,705.04,0.0,2.4015605467784646,8.65
178,9,0.5128,0.11,17.5,1,5.0,0,4.689,687.05,0.0,2.6650538567041235,8.75
179,9,0.5688,0.11,18.6,1,5.0,0,3.876,691.13,0.0,1.6595265452707724,9.3
180,9,0.5933,0.11,17.6,1,5.0,0,4.698,653.67,0.0,2.1255682224845005,8.8
181,9,0.3511,0.11,16.2,1,5.0,0,3.006,670.96,0.0,2.694466564676278,8.1
182,9,0.5687,0.11,19.1,1,5.0,0,3.675,684.91,0.0,2.054400931089399,9.55
183,9,0.525,0.11,17.5,1,5.0,0,3.959,699.82,0.0,1.9765838904437731,8.75
184,9,0.4492,0.11,17.3,1,5.0,0,2.526,664.53,0.0,1.8325244769472202,8.65
185,9,0.5594,0.11,18.4,1,5.0,0,2.464,615.12,0.0,2.4955009647075066,9.2
186,9,0.5617,0.11,16.3,1,5.0,0,2.989,691.4,0.0,2.167618596811002,8.15
187,9,0.3828,0.11,18.4,1,5.0,0,2.827,651.86,0.0,1.542344357094972,9.2
188,9,0.6768,0.11,18.1,1,5.0,0,4.26,647.34,0.0,1.30862055291888,9.05
189,9,0.3157,0.11,18.1,1,5.0,0,3.135,702.39,0.0,2.9693496730819144,9.05
190,9,0.4397,0.11,19.7,1,5.0,0,3.244,662.72,0.0,1.3585768634894366,9.85
191,9,0.363,0.11,15.6,1,5.0,0,3.287,663.02,0.0,2.0581842816151696,7.8
192,9,0.39,0.11,15.9,1,5.0,0,2.937,687.19,0.0,2.401652057089252,7.95
193,9,0.7696,0.11,19.2,1,5.0,0,4.316,663.89,0.0,2.473552355317224,9.6
194,9,0.5873,0.11,18.5,1,5.0,0,3.92,692.79,0.0,2.429829838039068,9.25
195,9,0.1988,0.11,17.6,1,5.0,0,1.886,661.18,0.0,1.7740826648309573,8.8
196,12,0.4509,0.09,17.8,1,5.0,0,3.428,699.3,0.0,2.509501117911349,8.9
197,12,0.3918,0.09,15.7,1,5.0,0,2.842,688.12,0.1,2.897422568803308,7.85
198,12,0.3549,0.09,17.3,1,5.0,0,2.584,580.65,0.0,1.5168407107825985,8.65
199,12,0.3728,0.09,16.9,1,5.0,0,3.292,712.18,0.0,2.2123070562585756,8.45
200,12,0.3027,0.09,15.5,1,5.0,0,2.534,695.12,0.0,2.8640860096261944,7.75
201,12,0.2474,0.09,17.4,1,5.0,0,1.846,682.53,0.0,1.2366074844089285,8.7
202,12,0.4802,0.09,17.0,1,5.0,0,3.889,684.01,0.0,2.172138651555937,8.5
203,12,0.5158,0.09,17.7,1,5.0,0,3.448,658.14,0.0,3.1358522213856306,8.85
204,12,0.4729,0.09,17.1,1,5.0,0,3.838,623.29,0.0,3.5570834254040693,8.55
205,12,0.4748,0.09,18.0,1,5.0,0,3.367,696.16,0.0,2.435830695994921,9.0
206,12,0.3876,0.09,15.6,1,5.0,0,2.991,713.11,0.0,2.3741046805026347,7.8
207,12,0.569,0.09,16.5,1,5.0,0,2.608,687.36,0.0,2.079093001110146,8.25
208,12,0.6589,0.09,17.2,1,5.0,0,4.109,673.2,0.0,2.3168238476828216,8.6
209,12,0.3348,0.09,15.8,1,5.0,0,3.014,698.37,0.0,2.310843325351588,7.9
210,12,0.4866,0.09,17.3,1,5.0,0,3.265,569.71,0.0,2.208312030367449,8.65
211,12,0.7689,0.09,18.0,1,5.0,0,3.525,732.12,0.0,2.513260435426206,9.0
212,12,0.6142,0.09,16.7,1,5.0,0,4.947,700.39,0.0,1.9761041545720712,8.35
213,12,0.696,0.09,19.0,1,5.0,0,3.659,679.49,0.0,2.505579115399537,9.5
214,12,0.3558,0.09,16.6,1,5.0,0,2.087,639.72,0.0,1.8618761780455166,8.3
215,12,0.5476,0.09,17.1,1,5.0,0,4.276,689.62,0.1,2.9102977922270714,8.55
216,12,0.4463,0.09,16.0,1,5.0,0,3.364,697.06,0.0,1.8409258629547285,8.0
217,12,0.4259,0.09,16.6,1,5.0,0,2.934,611.55,0.0,2.7296601361197674,8.3
218,12,0.5252,0.09,17.8,1,4.5,0,4.604,715.42,0.0,2.109264597619232,8.9
219,12,0.3447,0.09,18.3,1,5.0,0,2.317,630.81,0.0,2.76846605397291,9.15
220,12,0.4479,0.09,16.8,1,5.0,0,2.458,694.39,0.0,2.919276894843084,8.4
221,12,0.6875,0.09,18.1,1,5.0,0,5.04,705.31,0.0,2.307601641917951,9.05
222,12,0.7184,0.09,16.4,1,5.0,0,4.794,728.15,0.0,2.1240689323421114,8.2
223,12,0.3584,0.09,17.3,1,5.0,0,3.425,730.73,0.0,3.065553815769719,8.65
224,3,0.3682,0.15,17.6,1,5.0,0,2.933,500.19,0.2,0.10873458483961189,8.8
225,3,0.5947,0.15,19.0,1,5.0,0,2.656,718.22,0.1,2.542479030617904,9.5
226,3,0.5693,0.15,17.1,1,5.0,0,2.89,530.7,0.0,2.0517110825602045,8.55
227,3,0.8477,0.15,18.9,1,5.0,0,5.558,412.53,0.0,2.0212917611693926,9.45
228,3,0.5458,0.15,17.1,1,5.0,0,3.878,479.48,0.0,1.7890820366808677,8.55
229,3,0.3944,0.15,19.7,1,5.0,0,3.648,530.55,0.0,2.4264097557167252,9.85
230,3,0.8018,0.15,19.2,1,5.0,0,4.937,688.76,0.0,2.7649895865095764,9.6
231,3,0.4723,0.15,18.2,1,5.0,0,2.566,669.64,0.0,2.139228216149256,9.1
232,3,0.7106,0.15,18.6,1,5.0,0,3.686,680.58,0.0,1.5576478389675992,9.3
233,3,0.7087,0.15,19.7,1,5.0,0,4.874,683.75,0.0,2.378067354263685,9.85
234,3,0.5067,0.15,19.9,1,5.0,0,2.329,524.07,0.0,1.848392734576321,9.95
235,3,0.5578,0.15,18.3,1,5.0,0,3.58,499.72,0.0,2.8315785893256056,9.15
236,3,0.6407,0.15,19.7,1,5.0,0,5.753,698.71,0.0,2.5522188704639936,9.85
237,3,0.5441,0.15,18.1,1,5.0,0,3.544,690.72,0.0,3.1224917160107233,9.05
238,3,0.5314,0.15,17.8,1,5.0,0,3.461,720.55,0.0,1.0293357061297304,8.9
239,3,1.037,0.15,18.7,1,5.0,0,4.134,730.76,0.0,1.728512378752163,9.35
240,3,0.5538,0.15,17.1,1,5.0,0,2.632,725.17,0.0,2.568553923112766,8.55
241,3,0.8355,0.15,18.4,1,5.0,0,4.865,680.64,0.0,2.3010692846822747,9.2
242,3,0.3418,0.15,18.0,1,5.0,0,2.171,454.44,0.0,3.601129463982986,9.0
243,3,0.5821,0.15,18.2,1,5.0,0,4.819,712.8,0.0,3.0279282884910708,9.1
244,3,0.7483,0.15,18.9,1,5.0,0,2.828,491.37,0.0,1.9715979650257403,9.45
245,3,0.4929,0.15,19.9,1,5.0,0,2.161,682.5,0.0,2.9044984418242654,9.95
246,3,0.6042,0.15,21.0,1,5.0,0,4.209,699.29,0.0,1.8771999955427634,10.5
247,3,0.3969,0.15,17.6,1,5.0,0,2.846,586.17,0.0,1.0211912884696845,8.8
248,3,0.6514,0.15,19.1,1,5.0,0,3.809,717.67,0.0,1.9972069868475049,9.55
249,3,0.5525,0.15,19.9,1,5.0,0,3.339,715.28,0.0,1.7330592395477327,9.95
250,3,0.4688,0.15,21.4,1,5.0,0,3.516,706.83,0.0,1.7777181199049512,10.7
251,3,0.7348,0.15,22.1,1,5.0,0,3.584,696.84,0.1,1.041829174418594,11.05
252,6,0.4693,0.176,18.6,1,5.0,0,3.518,688.26,0.0,2.2069689547959985,9.3
253,6,0.3555,0.176,18.2,1,5.0,0,2.436,665.03,0.0,4.141673475029388,9.1
254,6,0.4863,0.176,17.4,1,5.0,0,4.209,667.93,0.0,2.770010637097406,8.7
255,6,0.3753,0.176,17.8,1,5.0,0,2.685,702.33,0.0,3.149577843657111,8.9
256,6,0.3262,0.176,17.5,1,5.0,0,2.096,715.2,0.0,3.365961830458921,8.75
257,6,0.6404,0.176,19.5,1,5.0,0,3.165,684.44,0.0,2.0431100376927973,9.75
258,6,0.562,0.176,17.0,1,5.0,0,4.09,685.5,0.0,2.038284948578572,8.5
259,6,0.4601,0.176,20.0,1,5.0,0,4.02,680.99,0.0,1.9828149106964537,10.0
260,6,0.6941,0.176,19.9,1,5.0,0,2.928,670.26,0.1,2.971031983845878,9.95
261,6,0.3186,0.176,17.5,1,5.0,0,2.391,684.25,0.0,2.316773008621273,8.75
262,6,0.6202,0.176,17.8,1,5.0,0,4.052,665.6,0.0,2.3080222196089415,8.9
263,6,0.5597,0.176,18.5,1,5.0,0,3.433,694.32,0.0,2.106302991197397,9.25
264,6,0.4376,0.176,16.4,1,5.0,0,2.319,685.8,0.0,2.78751498816179,8.2
265,6,0.3666,0.176,19.2,1,5.0,0,3.677,634.31,0.0,2.5742395788870183,9.6
266,6,0.3545,0.176,20.5,1,5.0,0,1.822,619.42,0.0,1.9645738554129055,10.25
267,6,0.451,0.176,18.9,1,5.0,0,3.287,705.03,0.0,3.1655524011421763,9.45
268,6,0.4656,0.176,18.5,1,5.0,0,3.608,717.69,0.0,2.0084230081716448,9.25
269,6,0.62,0.176,18.8,1,5.0,0,3.396,682.61,0.0,3.429505111314918,9.4
270,6,0.5504,0.176,18.9,1,5.0,0,3.325,640.21,0.0,1.3908189963234006,9.45
271,6,0.5808,0.176,19.5,1,5.0,0,3.005,500.57,0.0,3.0265889103059154,9.75
272,6,0.4201,0.176,18.0,1,5.0,0,3.081,693.77,0.0,2.0745821898309473,9.0
273,6,0.4781,0.176,19.0,1,5.0,0,4.032,496.65,0.0,2.151482278675555,9.5
274,6,0.6169,0.176,19.0,1,5.0,0,4.075,412.07,0.0,1.3216972838956893,9.5
275,6,0.2743,0.176,17.7,1,5.0,0,1.958,460.48,0.0,2.856481410365135,8.85
276,6,0.5018,0.176,18.4,1,5.0,0,3.115,703.88,0.0,2.649350132765125,9.2
277,6,0.5324,0.176,17.9,1,5.0,0,3.39,451.01,0.0,2.423168996629661,8.95
278,6,0.465,0.176,18.3,1,5.0,0,3.222,511.89,0.0,1.2759273389569963,9.15
279,6,0.4285,0.176,18.3,1,5.0,0,2.24,495.86,0.0,1.734757264203448,9.15
280,9,0.515,0.21,16.9,1,5.0,0,2.677,649.46,0.0,0.039111876569006394,8.45
281,9,0.5028,0.21,18.7,1,5.0,0,3.233,704.58,0.0,1.928024267545936,9.35
282,9,0.5243,0.21,18.0,1,5.0,0,3.144,654.36,0.0,1.8846936732149902,9.0
283,9,0.3911,0.21,18.9,1,5.0,0,2.857,717.28,0.0,2.393322770114485,9.45
284,9,0.4386,0.21,18.2,1,5.0,0,2.543,637.03,0.0,1.0486240460811744,9.1
285,9,0.3256,0.21,18.9,1,5.0,0,1.701,657.94,0.0,2.1928310739526893,9.45
286,9,0.7429,0.21,18.1,1,5.0,0,4.619,687.02,0.0,2.5578139402740327,9.05
287,9,0.4791,0.21,19.2,1,5.0,0,3.569,713.4,0.0,1.6097430875094805,9.6
288,9,0.5917,0.21,18.9,1,5.0,0,3.307,703.05,0.0,2.091877638569696,9.45
289,9,0.5787,0.21,18.4,1,5.0,0,2.914,663.64,0.0,1.5688083994973225,9.2
290,9,0.6378,0.21,17.7,1,5.0,0,4.576,710.11,0.0,1.7882039074359417,8.85
291,9,0.5423,0.21,18.7,1,5.0,0,3.452,688.21,0.0,1.6277244014058454,9.35
292,9,0.3286,0.21,17.8,1,5.0,0,2.312,604.74,0.0,2.890715510065221,8.9
293,9,1.025,0.21,21.0,1,5.0,0,3.16,413.99,0.1,1.4126465163125412,10.5
294,9,0.3434,0.21,18.3,1,5.0,0,2.952,555.07,0.0,1.7716747420067127,9.15
295,9,0.9303,0.21,18.0,1,5.0,0,2.84,666.67,0.0,2.7182259690042563,9.0
296,9,0.3474,0.21,18.2,1,5.0,0,3.0,700.6,0.0,1.0665859486994935,9.1
297,9,0.4412,0.21,18.1,1,5.0,0,4.168,608.52,0.0,1.9015685442627481,9.05
298,9,0.2374,0.21,17.7,1,5.0,0,1.746,706.12,0.0,2.3787874202445245,8.85
299,9,0.4917,0.21,19.9,1,5.0,0,3.189,691.33,0.0,2.7813745538733228,9.95
300,9,0.3335,0.21,19.4,1,5.0,0,3.132,708.57,0.0,2.918468091591178,9.7
301,9,0.5383,0.21,18.0,1,5.0,0,4.585,699.99,0.0,2.9154815278118558,9.0
302,9,0.3947,0.21,18.5,1,5.0,0,2.452,726.87,0.0,1.694664655919845,9.25
303,9,0.4531,0.21,18.6,1,5.0,0,3.067,705.12,0.0,2.268844714433209,9.3
304,9,0.4689,0.21,18.2,1,5.0,0,4.03,674.67,0.0,2.7496676177054766,9.1
305,9,0.4159,0.21,18.2,1,5.0,0,2.41,698.68,0.0,2.5715654442495754,9.1
306,9,0.5118,0.21,18.6,1,5.0,0,3.659,621.12,0.0,2.4076214872616015,9.3
307,9,0.4336,0.21,18.7,1,5.0,0,3.197,697.97,0.0,2.025759128159632,9.35
308,12,0.7497,0.23,22.1,1,5.0,0,5.154,574.81,0.0,1.4417578873017005,11.05
309,12,0.8793,0.23,21.7,1,5.0,0,3.276,567.56,0.0,2.0499566727634995,10.85
310,12,0.5077,0.23,18.5,1,5.0,0,3.452,560.59,0.0,1.4735979293761452,9.25
311,12,0.6637,0.23,19.6,1,5.0,0,4.207,416.49,0.0,2.2560573039339387,9.8
312,12,0.5025,0.23,19.7,1,5.0,0,2.881,612.96,0.0,1.832045665422092,9.85
313,12,0.3433,0.23,19.6,1,5.0,0,1.935,623.31,0.0,3.9758373806052427,9.8
314,12,0.5587,0.23,20.5,1,5.0,0,2.249,455.67,0.1,1.3626116362832283,10.25
315,12,0.786,0.23,20.5,1,5.0,0,3.658,375.18,0.1,1.3944294940399067,10.25
316,12,0.6263,0.23,20.2,1,5.0,0,3.685,689.42,0.0,3.076845633512894,10.1
317,12,0.5651,0.23,19.2,1,5.0,0,2.498,502.04,0.0,4.23925859149816,9.6
318,12,0.523,0.23,18.6,1,5.0,0,2.888,566.74,0.0,1.9452882885011824,9.3
319,12,0.553,0.23,20.5,1,5.0,0,2.923,597.14,0.0,1.086652588465914,10.25
320,12,0.7055,0.23,19.2,1,5.0,0,4.023,700.98,0.0,1.859010703667337,9.6
321,12,0.4525,0.23,19.1,1,5.0,0,1.968,701.91,0.0,1.7147248252602507,9.55
322,12,0.3863,0.23,20.2,1,5.0,0,3.49,703.88,0.0,1.6037450025933486,10.1
323,12,0.2904,0.23,16.9,1,4.5,0,1.973,721.48,0.0,2.2157123490357415,8.45
324,12,0.6884,0.23,20.2,1,5.0,0,4.614,623.23,0.0,1.5224394779789323,10.1
325,12,0.3927,0.23,21.3,1,5.0,0,3.74,495.94,0.0,1.7460601741055068,10.65
326,12,0.5609,0.23,21.7,1,5.0,0,2.036,702.05,0.0,2.091033710147993,10.85
327,12,0.6329,0.23,19.4,1,5.0,0,2.694,663.19,0.0,2.073095840540588,9.7
328,12,0.5719,0.23,17.9,1,5.0,0,3.319,689.56,0.0,2.142160243480735,8.95
329,12,0.3747,0.23,18.7,1,5.0,0,1.789,629.55,0.0,1.775382296113448,9.35
330,12,0.6622,0.23,18.6,1,5.0,0,2.825,592.25,0.1,2.1188593150532657,9.3
331,12,0.56,0.23,19.3,1,5.0,0,2.318,731.27,0.0,1.8627339716658236,9.65
332,12,0.6896,0.23,20.4,1,5.0,0,3.627,656.61,0.0,1.4368024653205964,10.2
333,12,0.6615,0.23,19.2,1,5.0,0,4.279,648.74,0.0,2.605106284019456,9.6
334,12,0.5815,0.23,19.6,1,5.0,0,3.62,685.38,0.0,1.8791032251378188,9.8
335,12,0.4978,0.23,18.1,1,5.0,0,3.309,672.94,0.0,2.6253346844362575,9.05
336,3,0.7733,0.04,20.0,1,4.5,0,4.615,712.16,0.0,2.2190769705636684,10.0
337,3,0.8569,0.04,21.5,1,5.0,0,3.052,605.09,0.0,1.1453957375651727,10.75
338,3,0.4627,0.04,17.7,1,5.0,0,3.322,595.73,0.0,4.063559719133635,8.85
339,3,0.5047,0.04,17.8,1,5.0,0,3.421,687.0,0.0,2.483684118110523,8.9
340,3,0.3941,0.04,18.9,1,5.0,0,2.714,717.92,0.0,2.090827580862079,9.45
341,3,0.2882,0.04,19.5,1,5.0,0,2.975,595.37,0.0,2.200844234399283,9.75
342,3,0.5029,0.04,18.8,1,5.0,0,4.683,653.75,0.0,2.9165879706604625,9.4
343,3,0.2509,0.04,17.8,1,5.0,0,2.445,710.87,0.0,2.518514421350585,8.9
344,3,0.6404,0.04,18.7,1,5.0,0,4.177,694.4,0.0,1.79235052616514,9.35
345,3,0.5778,0.04,17.7,1,5.0,0,4.149,660.5,0.0,2.6550200746476262,8.85
346,3,0.4982,0.04,17.2,1,5.0,0,3.749,692.49,0.0,1.6939381195129903,8.6
347,3,0.4449,0.04,18.0,1,5.0,0,2.719,683.94,0.0,3.349376279888702,9.0
348,3,0.4611,0.04,18.7,1,5.0,0,4.404,727.4,0.0,2.0422411519136077,9.35
349,3,0.2883,0.04,18.3,1,5.0,0,2.014,468.79,0.0,2.4497735397111997,9.15
350,3,0.4685,0.04,17.5,1,5.0,0,3.123,671.07,0.0,2.2845160862421316,8.75
351,3,0.5222,0.04,17.2,1,5.0,0,4.036,679.13,0.0,2.5807432813789126,8.6
352,3,0.4754,0.04,18.0,1,5.0,0,4.023,457.69,0.0,2.6220273723958942,9.0
353,3,0.3514,0.04,17.6,1,5.0,0,2.081,637.18,0.0,1.7770581364513964,8.8
354,3,0.4224,0.04,18.8,1,5.0,0,3.753,682.8,0.0,2.315775638668352,9.4
355,3,0.52,0.04,17.1,1,5.0,0,4.125,695.18,0.0,3.505681436792392,8.55
356,3,0.6745,0.04,17.7,1,5.0,0,3.839,674.22,0.0,1.850832085184068,8.85
357,3,0.5058,0.04,18.1,1,5.0,0,4.092,652.07,0.0,2.62269012888917,9.05
358,3,0.3227,0.04,18.5,1,5.0,0,2.251,600.08,0.0,2.348358855387976,9.25
359,3,0.591,0.04,18.7,1,5.0,0,4.292,698.02,0.0,2.0257156838706725,9.35
360,3,0.4642,0.04,18.1,1,5.0,0,3.055,676.1,0.0,2.1352526015361746,9.05
361,3,0.4604,0.04,19.5,1,5.0,0,4.472,665.16,0.1,2.378972289559246,9.75
362,3,0.3248,0.04,18.2,1,5.0,0,2.676,681.29,0.0,1.6426581446490296,9.1
363,3,0.4211,0.04,18.7,1,5.0,0,4.149,649.94,0.0,2.71694020292037,9.35
364,6,0.3571,0.05,19.7,1,5.0,0,2.556,618.76,0.0,2.2404330738002702,9.85
365,6,0.2946,0.05,17.9,1,5.0,0,1.899,719.46,0.0,1.544239267570865,8.95
366,6,0.3025,0.05,18.4,1,5.0,0,2.14,663.66,0.0,2.4636304191961327,9.2
367,6,0.508,0.05,17.6,1,5.0,0,4.039,640.93,0.0,2.0110536985201284,8.8
368,6,0.5669,0.05,19.3,1,5.0,0,2.189,733.58,0.0,3.546183530608103,9.65
369,6,0.547,0.05,19.9,1,5.0,0,3.023,693.13,0.0,2.0136095167961496,9.95
370,6,0.5223,0.05,20.0,1,5.0,0,2.433,687.06,0.0,2.810783564459183,10.0
371,6,0.6511,0.05,19.9,1,5.0,0,3.79,514.19,0.0,2.0079183149424553,9.95
372,6,0.3444,0.05,18.2,1,5.0,0,2.82,694.48,0.0,3.0103315027693265,9.1
373,6,0.653,0.05,18.0,1,5.0,0,3.79,679.31,0.2,1.9260683501961848,9.0
374,6,0.9166,0.05,19.9,1,5.0,0,3.41,643.02,0.0,2.209438808840675,9.95
375,6,1.026,0.05,19.5,1,5.0,0,2.797,667.78,0.0,1.5198910544754998,9.75
376,6,0.4287,0.05,19.2,1,5.0,0,2.976,734.38,0.0,1.5229256842766494,9.6
377,6,0.4972,0.05,18.4,1,5.0,0,4.116,596.26,0.1,1.9439618511680572,9.2
378,6,0.6608,0.05,18.2,1,4.5,0,2.592,695.47,0.1,1.25835828363246,9.1
379,6,0.3834,0.05,17.2,1,5.0,0,2.851,411.18,0.0,1.7655860711263676,8.6
380,6,0.8571,0.05,16.0,1,5.0,0,3.385,689.97,0.2,1.5283857994869419,8.0
381,6,0.7362,0.05,18.6,1,5.0,0,3.891,697.93,0.1,1.6999925895701122,9.3
382,6,0.6075,0.05,17.7,1,5.0,0,2.92,503.11,0.1,2.6550071337955954,8.85
383,6,0.6153,0.05,21.4,1,5.0,0,4.733,725.32,0.1,2.02949811004987,10.7
384,6,0.6859,0.05,22.3,1,5.0,0,4.248,634.72,0.0,0.8940751476673364,11.15
385,6,0.5484,0.05,19.6,1,5.0,0,2.715,678.67,0.1,2.014142864769121,9.8
386,6,0.871,0.05,21.3,1,5.0,0,3.728,608.51,0.2,2.3952380162149973,10.65
387,6,0.4121,0.05,21.1,1,5.0,0,3.523,691.37,0.1,1.994586464311331,10.55
388,6,0.4372,0.05,19.1,1,5.0,0,3.244,489.25,0.1,2.4386194496074913,9.55
389,6,1.081,0.05,21.1,1,5.0,0,4.36,462.56,0.2,2.134033388405588,10.55
390,6,0.5946,0.05,20.0,1,5.0,0,4.301,675.69,0.0,1.9018070256787383,10.0
391,6,0.5151,0.05,22.3,1,5.0,0,2.557,488.18,0.0,2.0528360123402836,11.15
392,9,0.6583,0.05,19.1,1,4.5,0,3.477,674.73,0.1,2.3087136308459995,9.55
393,9,0.3555,0.05,18.7,1,5.0,0,2.104,717.45,0.0,2.5752082940961576,9.35
394,9,0.6077,0.05,18.4,1,5.0,0,4.053,706.53,0.1,3.148500055552286,9.2
395,9,0.6252,0.05,17.8,1,5.0,0,2.894,717.87,0.0,2.3261634454625404,8.9
396,9,0.4632,0.05,17.8,1,5.0,0,2.601,699.81,0.0,1.8298780727069848,8.9
397,9,0.4731,0.05,19.0,1,5.0,0,4.043,614.06,0.0,2.392612871945955,9.5
398,9,0.3519,0.05,18.5,1,5.0,0,3.027,685.35,0.0,1.4920358704798715,9.25
399,9,0.541,0.05,18.2,1,5.0,0,4.124,678.06,0.0,3.204069922864354,9.1
400,9,0.4117,0.05,18.8,1,5.0,0,2.899,660.32,0.0,2.27796431772841,9.4
401,9,0.4274,0.05,19.6,1,5.0,0,3.001,722.19,0.0,1.4244531950972155,9.8
402,9,0.6372,0.05,18.6,1,5.0,0,4.823,599.76,0.0,1.587252811027064,9.3
403,9,0.4384,0.05,18.8,1,5.0,0,3.601,631.42,0.0,2.1894747715439244,9.4
404,9,0.4414,0.05,19.0,1,5.0,0,3.53,706.08,0.0,1.896385733024537,9.5
405,9,0.4799,0.05,19.2,1,5.0,0,3.491,720.89,0.0,1.81440081367852,9.6
406,9,0.5233,0.05,20.4,1,5.0,0,4.502,597.73,0.0,1.916661275116593,10.2
407,9,0.4746,0.05,19.8,1,5.0,0,3.358,554.22,0.0,2.002875080036859,9.9
408,9,0.3147,0.05,17.6,1,5.0,0,2.688,668.03,0.0,2.101164548594719,8.8
409,9,0.4603,0.05,18.4,1,5.0,0,2.817,704.88,0.0,2.244074074953706,9.2
410,9,0.4825,0.05,19.7,1,5.0,0,2.668,689.44,0.1,1.7319213689156236,9.85
411,9,0.4559,0.05,19.8,1,5.0,0,3.35,668.87,0.0,2.6306515259276413,9.9
412,9,0.6408,0.05,19.8,1,5.0,0,4.646,565.52,0.0,2.4075050195933274,9.9
413,9,0.645,0.05,19.6,1,5.0,0,4.41,609.01,0.0,2.5640874804690994,9.8
414,9,0.5478,0.05,19.2,1,5.0,0,4.226,618.62,0.0,3.0864597622249734,9.6
415,9,0.7167,0.05,18.4,1,5.0,0,3.386,426.92,0.0,2.3439312353004023,9.2
416,9,0.526,0.05,20.4,1,5.0,0,4.096,676.0,0.0,1.8846391367671471,10.2
417,9,0.84,0.05,18.8,1,5.0,0,4.297,666.03,0.1,1.7632557934143058,9.4
418,9,0.6525,0.05,19.2,1,5.0,0,4.313,509.26,0.0,2.6643984949834367,9.6
419,9,0.4938,0.05,20.3,1,5.0,0,3.895,483.91,0.0,1.7618526353155715,10.15
420,12,0.5842,0.06,20.0,1,5.0,0,2.161,702.43,0.0,1.947575121924284,10.0
421,12,0.6614,0.06,19.7,1,4.5,0,3.74,686.23,0.0,2.958181717779602,9.85
422,12,0.5067,0.06,20.3,1,5.0,0,4.377,660.85,0.0,1.8305112501099052,10.15
423,12,0.5926,0.06,20.9,1,4.5,0,2.981,684.96,0.0,2.078729732906719,10.45
424,12,0.5489,0.06,20.5,1,5.0,0,4.598,656.55,0.0,2.1801666015477084,10.25
425,12,0.7638,0.06,20.7,1,5.0,0,4.111,655.68,0.0,2.218681350230165,10.35
426,12,0.6551,0.06,19.4,1,4.5,0,4.581,523.24,0.1,2.3117038920116157,9.7
427,12,0.3074,0.06,18.1,1,5.0,0,1.971,697.89,0.1,1.6862752864177935,9.05
428,12,0.3798,0.06,18.6,1,5.0,0,2.442,334.48,0.0,2.506101371213625,9.3
429,12,0.6065,0.06,19.2,1,5.0,0,4.612,355.68,0.0,2.001981236900182,9.6
430,12,0.4813,0.06,17.4,1,5.0,0,3.987,693.13,0.0,2.3034947700914175,8.7
431,12,0.7058,0.06,19.0,1,5.0,0,4.175,715.59,0.0,1.0943311354528622,9.5
432,12,0.3531,0.06,18.1,1,5.0,0,2.435,468.41,0.0,2.6992149330248947,9.05
433,12,0.6139,0.06,20.4,1,5.0,0,4.878,406.47,0.0,2.2360941909837617,10.2
434,12,0.4558,0.06,20.6,1,5.0,0,4.002,654.62,0.0,2.0248495711312033,10.3
435,12,0.5441,0.06,18.5,1,5.0,0,4.108,663.7,0.0,2.51377159908141,9.25
436,12,0.385,0.06,17.6,1,5.0,0,2.278,305.77,0.0,0.9048299200512464,8.8
437,12,0.5188,0.06,18.8,1,5.0,0,3.854,501.81,0.0,2.256309650548533,9.4
438,12,0.6701,0.06,21.8,1,4.5,0,3.814,653.89,0.0,1.7221195978491017,10.9
439,12,0.6465,0.06,17.9,1,5.0,0,3.881,675.29,0.0,2.4622947383972713,8.95
440,12,0.7011,0.06,19.2,1,5.0,0,6.158,542.06,0.0,1.9327763332808463,9.6
441,12,0.4569,0.06,19.0,1,5.0,0,3.239,593.61,0.0,2.5988669446476127,9.5
442,12,0.6574,0.06,21.7,1,5.0,0,4.681,507.65,0.0,1.5541584306522351,10.85
443,12,0.384,0.06,19.9,1,5.0,0,2.482,677.12,0.1,1.5759036837963247,9.95
444,12,0.2772,0.06,17.4,1,5.0,0,2.544,426.21,0.1,2.377109731213429,8.7
445,12,0.3051,0.06,16.3,1,5.0,0,2.65,674.44,0.0,2.894785408028809,8.15
446,12,0.2661,0.06,14.7,1,5.0,0,1.815,639.42,0.0,2.5752702253165896,7.35
447,12,0.1641,0.06,17.8,1,5.0,0,1.915,629.32,0.0,1.9111151956749548,8.9
448,3,0.4829,0.11,17.3,1,5.0,0,3.212,524.51,0.0,2.0967175172290986,8.65
449,3,0.59,0.11,18.9,1,5.0,0,4.185,565.11,0.0,2.618361413884971,9.45
450,3,0.2054,0.11,16.6,1,5.0,0,1.909,661.6,0.0,2.264598266274062,8.3
451,3,0.4794,0.11,17.2,1,5.0,0,3.256,647.22,0.0,2.461698534857295,8.6
452,3,0.6917,0.11,19.1,1,5.0,0,3.146,656.41,0.0,3.8246244489755497,9.55
453,3,0.7417,0.11,19.0,1,5.0,0,6.478,532.51,0.0,1.5200158412629365,9.5
454,3,0.6474,0.11,19.2,1,5.0,0,4.819,644.81,0.0,2.2167771962885356,9.6
455,3,0.644,0.11,18.2,1,5.0,0,3.993,652.35,0.0,2.41216280197773,9.1
456,3,0.5836,0.11,19.1,1,5.0,0,2.352,678.47,0.0,2.1426150219949496,9.55
457,3,0.4815,0.11,19.3,1,5.0,0,2.578,682.23,0.0,2.3592855562345774,9.65
458,3,0.6289,0.11,19.4,1,5.0,0,2.573,611.28,0.0,2.120878087970022,9.7
459,3,0.5754,0.11,19.8,1,5.0,0,4.5,644.84,0.0,2.1267874356150878,9.9
460,3,0.6946,0.11,20.0,1,4.5,0,2.821,448.32,0.0,1.2151580221683929,10.0
461,3,0.6156,0.11,19.3,1,5.0,0,2.455,692.76,0.0,1.9754229111473236,9.65
462,3,0.7807,0.11,20.3,1,4.5,0,3.271,683.88,0.0,1.3532110316296515,10.15
463,3,0.5084,0.11,17.8,1,5.0,0,4.054,695.72,0.0,2.2608620574235445,8.9
464,3,0.7173,0.11,18.8,1,5.0,0,4.338,670.04,0.0,2.1904730658434195,9.4
465,3,0.6691,0.11,19.9,1,5.0,0,3.837,734.58,0.0,1.7668551989719292,9.95
466,3,0.5821,0.11,20.1,1,5.0,0,4.134,499.61,0.0,2.9307156836914623,10.05
467,3,0.8177,0.11,19.7,1,5.0,0,3.892,579.72,0.0,2.2933879646556057,9.85
468,3,0.73,0.11,19.8,1,5.0,0,4.679,689.58,0.0,1.8849201381255238,9.9
469,3,0.56,0.11,19.1,1,5.0,0,3.833,461.34,0.0,2.358412973069093,9.55
470,3,0.8738,0.11,20.1,1,5.0,0,3.173,458.02,0.2,1.7900526005831545,10.05
471,3,0.5776,0.11,20.9,1,5.0,0,2.352,470.91,0.0,2.2198571190717926,10.45
472,3,0.7094,0.11,19.6,1,5.0,0,3.744,734.36,0.0,1.7576866053083278,9.8
473,3,0.6072,0.11,19.2,1,5.0,0,4.223,706.69,0.0,2.250547274008671,9.6
474,3,0.6811,0.11,19.7,1,5.0,0,2.996,679.41,0.1,2.1520673900566485,9.85
475,3,0.5793,0.11,19.8,1,5.0,0,3.237,687.14,0.0,2.738720581234257,9.9
476,6,0.6164,0.097,20.5,1,5.0,0,2.76,603.5,0.0,2.0824687147969567,10.25
477,6,0.8742,0.097,20.6,1,5.0,0,4.158,468.63,0.0,1.1492983287989387,10.3
478,6,0.3465,0.097,18.2,1,5.0,0,1.932,563.61,0.0,1.5233407158881984,9.1
479,6,0.5046,0.097,19.1,1,5.0,0,4.805,704.54,0.0,2.5148872853957536,9.55
480,6,0.3916,0.097,19.8,1,5.0,0,2.683,678.65,0.0,2.481277119632852,9.9
481,6,0.6059,0.097,19.1,1,5.0,0,2.395,688.62,0.0,3.051181150896713,9.55
482,6,0.5506,0.097,19.7,1,5.0,0,4.121,710.64,0.0,2.9158651316399022,9.85
483,6,0.6934,0.097,19.2,1,5.0,0,5.131,577.62,0.0,2.8359701598968097,9.6
484,6,0.3354,0.097,19.8,1,5.0,0,2.678,696.54,0.1,2.2833809886497427,9.9
485,6,0.6526,0.097,20.0,1,5.0,0,4.75,694.31,0.0,2.348179532152697,10.0
486,6,0.5957,0.097,17.7,1,5.0,0,4.209,650.42,0.0,2.6675255594419465,8.85
487,6,0.5496,0.097,20.5,1,5.0,0,3.039,356.54,0.0,1.8022863274848349,10.25
488,6,0.4272,0.097,21.1,1,5.0,0,2.227,482.06,0.0,2.6347084830392,10.55
489,6,0.6407,0.097,21.7,1,5.0,0,5.548,690.69,0.0,2.6649096586386407,10.85
490,6,0.6324,0.097,19.7,1,5.0,0,2.927,637.67,0.0,1.694897591256394,9.85
491,6,0.5055,0.097,19.9,1,5.0,0,3.53,660.91,0.0,2.4153388568046417,9.95
492,6,0.5239,0.097,19.7,1,5.0,0,3.049,702.19,0.0,2.4467379855634763,9.85
493,6,0.4489,0.097,19.2,1,4.5,0,2.402,646.32,0.1,2.1823674707394654,9.6
494,6,0.5599,0.097,19.7,1,5.0,0,4.602,640.86,0.0,2.3948728993184227,9.85
495,6,0.6314,0.097,18.4,1,5.0,0,3.614,550.71,0.0,1.5679801849673711,9.2
496,6,0.4602,0.097,18.0,1,5.0,0,3.065,408.7,0.0,2.489860601915361,9.0
497,6,0.2987,0.097,18.4,1,5.0,0,1.958,494.02,0.0,2.349264715030111,9.2
498,6,0.5231,0.097,18.5,1,5.0,0,4.187,673.62,0.0,1.7890875827603094,9.25
499,6,0.5163,0.097,18.8,1,5.0,0,3.374,697.5,0.0,2.6378919326387003,9.4
500,6,0.7857,0.097,19.8,1,5.0,0,3.8,649.41,0.0,1.2559596042739516,9.9
501,6,0.6481,0.097,20.5,1,5.0,0,5.1,695.04,0.0,1.6853527885373345,10.25
502,6,0.698,0.097,19.7,1,5.0,0,2.23,690.7,0.0,1.5799911443448122,9.85
503,6,0.654,0.097,20.7,1,5.0,0,2.478,546.1,0.0,1.9881391469604264,10.35
504,9,0.4385,0.091,17.8,1,5.0,0,2.892,660.78,0.2,3.1700327089844462,8.9
505,9,0.7393,0.091,20.6,1,5.0,0,4.88,436.94,0.0,3.204854693105346,10.3
506,9,0.4099,0.091,20.6,1,5.0,0,2.351,690.99,0.0,1.8262324498206814,10.3
507,9,0.9006,0.091,19.2,1,5.0,0,2.752,547.92,0.1,1.1674737554757608,9.6
508,9,0.8625,0.091,19.3,1,5.0,0,3.591,661.48,0.0,1.6490703368301374,9.65
509,9,0.5775,0.091,20.0,1,5.0,0,1.973,453.77,0.0,1.7163387343777672,10.0
510,9,0.4363,0.091,19.7,1,5.0,0,3.066,720.49,0.0,2.675404689635368,9.85
511,9,0.5284,0.091,18.9,1,5.0,0,3.045,512.91,0.0,3.087287976754925,9.45
512,9,0.5712,0.091,19.6,1,5.0,0,2.083,673.67,0.0,2.070891273962537,9.8
513,9,0.6625,0.091,19.3,1,5.0,0,5.21,684.91,0.0,1.9749579648207995,9.65
514,9,1.035,0.091,20.7,1,5.0,0,3.997,437.25,0.0,1.270646546981983,10.35
515,9,0.6341,0.091,20.3,1,5.0,0,4.25,726.53,0.0,2.1155464569334606,10.15
516,9,0.6025,0.091,20.2,1,5.0,0,2.822,678.47,0.0,2.8270751728189953,10.1
517,9,0.4847,0.091,19.8,1,5.0,0,3.608,673.56,0.0,2.4566358886736537,9.9
518,9,0.6104,0.091,18.9,1,5.0,0,4.164,643.21,0.0,2.268518420092726,9.45
519,9,0.518,0.091,18.2,1,5.0,0,3.934,635.05,0.0,1.678722450564856,9.1
520,9,0.4758,0.091,20.1,1,5.0,0,3.363,681.86,0.0,1.3827503750823904,10.05
521,9,0.605,0.091,20.6,1,5.0,0,4.257,697.75,0.0,2.5182703938551527,10.3
522,9,0.5604,0.091,19.2,1,5.0,0,3.424,577.71,0.1,2.5190200389263477,9.6
523,9,0.5427,0.091,18.6,1,5.0,0,3.67,617.7,0.0,1.5475539743838174,9.3
524,9,1.014,0.091,20.3,1,5.0,0,3.201,557.43,0.0,2.9151441413124894,10.15
525,9,0.8659,0.091,20.9,1,5.0,0,2.464,506.32,0.0,1.6390411765065083,10.45
526,9,0.6242,0.091,18.0,1,5.0,0,3.429,682.66,0.0,2.614350674102093,9.0
527,9,0.649,0.091,18.7,1,5.0,0,3.948,703.32,0.0,2.366336471898047,9.35
528,9,0.7417,0.091,19.2,1,5.0,0,4.782,719.28,0.1,2.736284928012804,9.6
529,9,0.4804,0.091,19.8,1,5.0,0,3.728,632.74,0.0,1.5635220614428678,9.9
530,9,0.7011,0.091,19.0,1,5.0,0,4.518,600.03,0.0,2.563689087095875,9.5
531,9,0.4522,0.091,20.5,1,4.5,0,1.83,636.87,0.0,1.1735707454752684,10.25
532,12,0.9206,0.09,21.3,1,5.0,0,4.689,581.25,0.0,2.0910300127616988,10.65
533,12,0.4901,0.09,20.4,1,5.0,0,2.79,658.67,0.0,2.1166455050094783,10.2
534,12,0.4466,0.09,19.3,1,5.0,0,3.106,492.93,0.0,2.752946275002059,9.65
535,12,0.4984,0.09,20.1,1,5.0,0,4.343,559.05,0.0,2.059349882644488,10.05
536,12,0.3404,0.09,19.0,1,5.0,0,2.18,707.62,0.0,2.5538974838416624,9.5
537,12,0.5279,0.09,19.9,1,5.0,0,4.011,690.13,0.0,2.943423600385403,9.95
538,12,0.6329,0.09,18.6,1,5.0,0,4.658,677.24,0.0,2.957342411090768,9.3
539,12,0.4173,0.09,19.8,1,5.0,0,2.698,692.51,0.0,2.1522827628082988,9.9
540,12,0.5615,0.09,19.6,1,5.0,0,4.278,609.75,0.0,2.7768313904640474,9.8
541,12,0.4924,0.09,19.0,1,5.0,0,3.483,604.65,0.0,1.34316338437455,9.5
542,12,0.3863,0.09,17.1,1,5.0,0,2.299,646.39,0.0,1.9331026276213292,8.55
543,12,0.395,0.09,18.1,1,5.0,0,3.317,687.3,0.0,1.7493351340157937,9.05
544,12,0.5554,0.09,19.8,1,5.0,0,4.195,670.98,0.0,1.9551908133442273,9.9
545,12,0.6013,0.09,18.2,1,5.0,0,4.346,537.42,0.0,2.812298568493324,9.1
546,12,0.4055,0.09,20.6,1,5.0,0,3.196,636.54,0.0,2.0677568147314376,10.3
547,12,0.3162,0.09,19.2,1,5.0,0,2.051,691.64,0.0,1.8590883487795202,9.6
548,12,0.3689,0.09,18.0,1,5.0,0,3.247,711.42,0.0,1.8366304244271796,9.0
549,12,0.6925,0.09,19.2,1,5.0,0,3.275,497.08,0.0,1.6453942105069046,9.6
550,12,0.7153,0.09,18.7,1,5.0,0,2.333,693.57,0.0,1.7896246281195747,9.35
551,12,0.5682,0.09,19.0,1,5.0,0,3.646,483.44,0.0,1.6265930011997511,9.5
552,12,0.401,0.09,18.3,1,5.0,0,2.356,650.22,0.0,2.306314027140917,9.15
553,12,0.7023,0.09,18.6,1,5.0,0,4.047,658.26,0.0,2.4533461392181883,9.3
554,12,0.5137,0.09,18.5,1,5.0,0,2.338,610.88,0.0,1.864626109101996,9.25
555,12,0.4074,0.09,19.5,1,5.0,0,3.511,650.7,0.0,1.8421506221647572,9.75
556,12,0.4965,0.09,19.4,1,5.0,0,4.167,675.26,0.0,1.636629556295969,9.7
557,12,0.4191,0.09,14.4,1,5.0,0,2.824,501.32,0.0,1.6564909911230494,7.2
558,12,0.5863,0.09,18.8,1,4.5,0,2.572,629.55,0.0,1.813726965026361,9.4
559,12,0.6528,0.09,20.2,1,5.0,0,2.742,705.49,0.0,0.6960856576802933,10.1
560,3,0.2763,0.11,15.3,1,5.0,0,1.909,543.97,0.0,1.6390254626147565,7.65
561,3,0.1968,0.11,18.1,1,5.0,0,2.33,697.86,0.0,2.056075847080774,9.05
562,3,0.1693,0.11,17.1,1,5.0,0,1.691,664.29,0.0,1.9124628929792726,8.55
563,3,0.2245,0.11,16.9,1,5.0,0,1.817,638.91,0.0,1.3516988006352313,8.45
564,3,0.2133,0.11,15.5,1,5.0,0,1.741,660.96,0.0,1.687800458264244,7.75
565,3,0.3187,0.11,15.4,1,5.0,0,2.223,510.65,0.0,2.0560296297520937,7.7
566,3,0.217,0.11,15.1,1,5.0,0,1.624,668.14,0.0,2.143640122345079,7.55
567,3,0.1992,0.11,15.4,1,5.0,0,1.566,673.5,0.0,2.5193472576134037,7.7
568,3,0.3909,0.11,15.5,1,5.0,0,2.736,565.73,0.0,2.6014338550825173,7.75
569,3,0.2192,0.11,16.8,1,5.0,0,1.938,468.19,0.0,1.1908652698674436,8.4
570,3,0.2502,0.11,16.2,1,5.0,0,2.14,679.32,0.0,3.0426272477045595,8.1
571,3,0.1383,0.11,17.9,1,5.0,0,1.765,684.01,0.0,2.8538387035111943,8.95
572,3,0.0127,0.11,16.2,1,5.0,0,1.361,668.49,0.0,1.8034232737703706,8.1
573,3,0.1883,0.11,15.0,1,5.0,0,1.848,669.51,0.0,1.4234817068483552,7.5
574,3,0.0108,0.11,15.5,1,5.0,0,1.453,436.11,0.0,1.4313968865581463,7.75
575,3,0.1434,0.11,14.7,1,5.0,0,1.526,607.45,0.0,1.8211975340342477,7.35
576,3,0.1767,0.11,15.8,1,5.0,0,1.581,682.79,0.0,1.6639911392212912,7.9
577,3,0.1504,0.11,17.2,1,5.0,0,1.524,684.89,0.0,2.0868159167326272,8.6
578,3,0.2835,0.11,16.0,1,5.0,0,1.879,715.02,0.0,1.8441703194280867,8.0
579,3,0.1849,0.11,14.2,1,5.0,0,1.817,478.94,0.0,1.8239382216249906,7.1
580,3,0.2788,0.11,16.0,1,5.0,0,2.005,637.62,0.0,1.8167994930370284,8.0
581,3,0.3441,0.11,14.6,1,5.0,0,2.357,677.43,0.0,2.4113752586970176,7.3
582,3,0.1711,0.11,15.2,1,5.0,0,1.673,727.35,0.0,1.5790825116629572,7.6
583,3,0.2013,0.11,15.2,1,5.0,0,1.774,543.45,0.0,3.003750155165249,7.6
584,3,0.4075,0.11,17.2,1,5.0,0,2.576,425.61,0.0,1.940103628569824,8.6
585,3,0.3143,0.11,15.5,1,5.0,0,2.268,639.89,0.0,1.4990701479050161,7.75
586,3,0.4648,0.11,15.9,1,5.0,0,2.852,711.59,0.0,2.155573436610337,7.95
587,3,0.1126,0.11,16.8,1,5.0,0,1.696,526.6,0.0,1.2346173662359543,8.4
588,6,0.2566,0.097,15.3,1,5.0,0,1.928,558.09,0.0,2.8897098209931364,7.65
589,6,0.3108,0.097,16.0,1,4.5,0,2.087,568.66,0.0,2.436976885746193,8.0
590,6,0.259,0.097,15.7,1,5.0,0,1.97,656.31,0.0,1.7817464222727277,7.85
591,6,0.3417,0.097,15.4,1,5.0,0,1.824,689.45,0.0,1.7542498847476589,7.7
592,6,0.4901,0.097,14.1,1,5.0,0,3.111,675.55,0.0,1.9674180698198922,7.05
593,6,0.1968,0.097,16.4,1,4.5,0,1.607,589.72,0.0,1.9579398200541327,8.2
594,6,0.4946,0.097,14.6,1,5.0,0,2.567,659.77,0.0,2.105363855078613,7.3
595,6,0.2592,0.097,13.6,1,5.0,0,2.004,720.81,0.0,2.33242496915215,6.8
596,6,0.4391,0.097,14.8,1,5.0,0,3.346,485.42,0.0,2.097992191154102,7.4
597,6,0.1809,0.097,13.8,1,5.0,0,1.617,635.47,0.0,1.4276948785308528,6.9
598,6,0.1476,0.097,15.8,1,5.0,0,2.027,715.28,0.0,3.0743905690133952,7.9
599,6,0.2824,0.097,15.2,1,5.0,0,2.258,618.95,0.0,2.4354812929900977,7.6
600,6,0.3994,0.097,16.4,1,5.0,0,2.388,599.49,0.0,1.6958265595628683,8.2
601,6,0.3695,0.097,15.7,1,5.0,0,2.42,575.59,0.0,2.299984101804861,7.85
602,6,0.2075,0.097,16.0,1,5.0,0,2.039,621.22,0.0,2.3469972928850544,8.0
603,6,0.415,0.097,15.9,1,5.0,0,2.639,614.63,0.0,2.399429927926302,7.95
604,6,0.3041,0.097,16.8,1,5.0,0,2.128,661.38,0.0,1.984571169186306,8.4
605,6,0.3611,0.097,16.2,1,5.0,0,2.656,568.63,0.0,1.7305006482319905,8.1
606,6,0.2209,0.097,16.6,1,5.0,0,1.881,578.02,0.0,1.4845172354501575,8.3
607,6,0.3426,0.097,16.4,1,5.0,0,2.282,679.74,0.0,3.456861148160798,8.2
608,6,0.2822,0.097,15.9,1,5.0,0,1.842,478.95,0.0,1.4567323017941234,7.95
609,6,0.2326,0.097,16.3,1,5.0,0,2.014,569.96,0.0,2.057944875852606,8.15
610,6,0.3095,0.097,16.8,1,5.0,0,2.098,676.18,0.0,1.9761420527815894,8.4
611,6,0.164,0.097,15.0,1,5.0,0,1.72,513.53,0.0,1.6116074945484447,7.5
612,6,0.2325,0.097,17.6,1,5.0,0,1.851,563.54,0.0,1.4264682706276772,8.8
613,6,0.4033,0.097,16.2,1,5.0,0,2.328,686.23,0.0,2.3808496374502406,8.1
614,6,0.2339,0.097,16.8,1,5.0,0,2.226,540.43,0.0,2.436138503403932,8.4
615,6,0.2924,0.097,17.4,1,5.0,0,2.509,653.13,0.0,1.3029201075994497,8.7
616,9,0.0982,0.091,16.3,1,5.0,0,1.494,667.42,0.0,1.5767873591206927,8.15
617,9,0.288,0.091,15.4,1,5.0,0,1.856,686.7,0.0,1.592176805224665,7.7
618,9,0.2884,0.091,15.1,1,5.0,0,1.754,594.75,0.0,1.1876577872570295,7.55
619,9,0.1945,0.091,16.5,1,5.0,0,1.928,688.67,0.0,2.5317177878079784,8.25
620,9,0.2458,0.091,15.5,1,5.0,0,2.133,496.78,0.0,2.0420470391331498,7.75
621,9,0.4217,0.091,17.8,1,5.0,0,2.668,703.26,0.0,2.457289401701193,8.9
622,9,0.3061,0.091,16.4,1,5.0,0,2.484,653.86,0.0,1.7395703368122164,8.2
623,9,0.4233,0.091,16.3,1,5.0,0,3.353,623.52,0.0,1.7464983143813961,8.15
624,9,0.3255,0.091,16.7,1,5.0,0,2.109,643.48,0.0,1.8042662778454996,8.35
625,9,0.2554,0.091,14.3,1,5.0,0,2.154,688.26,0.0,2.261217006507809,7.15
626,9,0.2223,0.091,15.9,1,4.5,0,2.029,469.57,0.0,2.047236320797376,7.95
627,9,0.3052,0.091,16.3,1,5.0,0,2.978,676.79,0.0,3.1634337987954706,8.15
628,9,0.2158,0.091,15.5,1,5.0,0,2.39,649.29,0.0,2.325668920045661,7.75
629,9,0.1857,0.091,15.5,1,5.0,0,1.704,663.01,0.0,1.8576343516192373,7.75
630,9,0.1129,0.091,15.3,1,5.0,0,1.617,592.34,0.1,1.6941497948783464,7.65
631,9,0.0845,0.091,16.2,1,5.0,0,1.48,653.43,0.0,2.9268435958946255,8.1
632,9,0.2764,0.091,17.8,1,5.0,0,2.336,619.37,0.0,3.0495783339380798,8.9
633,9,0.343,0.091,16.3,1,5.0,0,2.291,511.06,0.1,2.4126258996111067,8.15
634,9,0.3658,0.091,14.8,1,5.0,0,2.275,669.81,0.0,2.5172221848406826,7.4
635,9,0.2903,0.091,16.6,1,5.0,0,2.176,670.03,0.0,2.4206316652851116,8.3
636,9,0.1766,0.091,17.3,1,5.0,0,2.025,608.32,0.0,1.9567732946782412,8.65
637,9,0.2876,0.091,14.3,1,5.0,0,1.843,624.71,0.0,3.2272257288797674,7.15
638,9,0.3354,0.091,13.2,1,5.0,0,2.974,679.68,0.0,1.9222628153526473,6.6
639,9,0.4113,0.091,16.1,1,5.0,0,2.962,493.41,0.0,1.5906775150822754,8.05
640,9,0.149,0.091,16.8,1,5.0,0,1.901,649.61,0.0,2.267744742010618,8.4
641,9,0.4064,0.091,17.2,1,5.0,0,2.823,666.84,0.0,2.0450400733384875,8.6
642,9,0.4002,0.091,17.5,1,5.0,0,3.054,701.07,0.0,2.3255644688828436,8.75
643,9,0.1825,0.091,17.8,1,5.0,0,1.639,694.19,0.0,1.5074511982879049,8.9
644,12,0.3749,0.09,17.9,1,5.0,0,2.581,701.49,0.0,1.8535505884570442,8.95
645,12,0.0156,0.09,18.6,1,5.0,0,1.601,693.93,0.0,1.5800382860200661,9.3
646,12,0.2518,0.09,16.5,1,5.0,0,2.213,615.6,0.0,2.4192368263055393,8.25
647,12,0.1456,0.09,16.6,1,5.0,0,1.814,704.04,0.0,1.8584976913189857,8.3
648,12,0.301,0.09,16.7,1,5.0,0,2.982,669.64,0.0,2.863499973898528,8.35
649,12,0.2191,0.09,16.3,1,5.0,0,2.173,643.23,0.0,2.5371612647799457,8.15
650,12,0.5933,0.09,16.8,1,5.0,0,4.028,580.69,0.2,2.308073983017064,8.4
651,12,0.3963,0.09,17.2,1,5.0,0,2.732,680.74,0.0,1.6139636539645674,8.6
652,12,0.2122,0.09,16.0,1,5.0,0,1.785,701.03,0.0,1.277562508045706,8.0
653,12,-0.0257,0.09,16.7,1,5.0,0,1.541,675.85,0.0,1.6210108722417422,8.35
654,12,0.2449,0.09,17.6,1,5.0,0,2.22,696.54,0.0,1.8646316551814375,8.8
655,12,0.3076,0.09,14.4,1,5.0,0,1.965,693.27,0.0,2.434809293031086,7.2
656,12,0.1563,0.09,15.9,1,5.0,0,2.017,691.76,0.0,2.9003388822430365,7.95
657,12,0.2463,0.09,16.5,1,5.0,0,2.188,657.69,0.0,3.1562867510883463,8.25
658,12,0.3236,0.09,14.9,1,5.0,0,1.972,685.12,0.0,1.2258841398085212,7.45
659,12,0.2303,0.09,15.7,1,5.0,0,2.016,628.6,0.0,2.092337963163352,7.85
660,12,0.042,0.09,15.6,1,5.0,0,1.412,678.58,0.0,2.9918186895931385,7.8
661,12,0.2269,0.09,15.2,1,5.0,0,1.697,701.31,0.0,2.168505969521664,7.6
662,12,0.2316,0.09,13.8,1,5.0,0,1.894,648.95,0.0,1.715792445552766,6.9
663,12,0.2789,0.09,13.1,1,5.0,0,1.887,659.11,0.0,2.2385566502558496,6.55
664,12,0.2093,0.09,14.6,1,5.0,0,1.88,716.92,0.0,2.0097291098801504,7.3
665,12,0.2403,0.09,14.4,1,5.0,0,1.53,674.82,0.1,1.8134136115379085,7.2
666,12,0.3372,0.09,14.8,1,5.0,0,2.579,695.05,0.0,1.7246902056703006,7.4
667,12,0.2699,0.09,15.8,1,5.0,0,1.915,635.88,0.1,1.1111579404787928,7.9
668,12,0.2781,0.09,15.3,1,5.0,0,2.164,672.29,0.0,1.7947242481661614,7.65
669,12,0.2925,0.09,15.3,1,5.0,0,2.265,655.03,0.2,1.5128955996064466,7.65
670,12,0.4921,0.09,14.3,1,5.0,0,2.401,663.45,0.0,2.783692815079928,7.15
671,12,0.1776,0.09,16.0,1,5.0,0,1.545,674.69,0.0,1.8951582007747878,8.0
