,FERARI__T-end,Decay%__T-end,Cracks__T-end,Acceptance_Score__T-end,Firmness___T-end,Bleaching__T-end,Cluster weight__T-end,weight_loss__T-end,Shattering(%)__T-end,FER_RG__T-end,Shatter__T-end,Decay__T-end,Rachis_Score__T-end
0,2.569,0.0,1,4.0,1.5637566,1,613.09,2.591356847791539,0.0,0.4674,0,0.0,0.4
1,0.621,0.0,1,4.5,3.3513648,1,719.58,1.0424115737939281,0.13896995469579476,2.953,1,0.0,0.2
2,0.7018,0.0,1,4.5,2.1695436,1,676.67,1.5852931337900271,0.0,3.614,0,0.0,0.25
3,0.6003,0.0,1,4.5,3.3237385999999995,1,706.77,0.34826010941289653,0.0,4.03,0,0.0,0.1
4,0.431,0.0,1,4.5,4.2068655999999995,1,699.33,1.4097810610012262,0.14299400855104172,3.811,1,0.0,0.15
5,0.4887,0.0,1,4.5,2.5267829999999996,1,601.14,1.3230466185160963,0.16635060052566789,2.598,1,0.0,0.1
6,0.5495,0.0,1,4.5,2.7608462,1,729.05,0.9308329936132658,0.0,2.819,0,0.0,0.2
7,0.4754,0.0,1,4.2,2.32309,1,727.07,2.0860267183796455,0.0,3.992,0,0.0,0.3
8,0.6339,0.0,1,4.2,3.1271995999999995,1,595.26,1.4192736366195866,0.0,5.269,0,0.0,0.2
9,0.4234,0.0,1,4.0,1.6987025999999998,1,678.85,1.4502642122989386,0.14730794726375487,2.752,1,0.0,0.3
10,0.4313,0.0,1,4.5,1.5666965999999998,1,707.28,2.1404358353510933,0.0,3.6,0,0.0,0.2
11,0.504,0.0,1,4.5,2.7262619999999997,1,701.45,1.1304213004073436,0.0,3.064,0,0.0,0.2
12,0.4233,0.0,1,4.5,3.1902528,1,712.97,1.2807731716097588,0.14025835589155225,3.242,1,0.0,0.2
13,0.3603,0.0,1,4.5,2.5364359999999997,1,725.96,0.8224268422634472,0.0,3.898,0,0.0,0.1
14,0.453,0.0,1,4.0,2.4347414,1,720.97,1.368045200213415,0.0,3.662,0,0.0,0.3
15,0.4237,0.0,1,4.5,2.7547897999999997,1,655.0,1.5037593984962405,0.0,3.586,0,0.0,0.1
16,0.7053,0.0,1,4.5,0.80262,1,657.13,1.0793316272768267,0.0,3.936,0,0.0,0.1
17,0.5114,0.0,1,4.0,1.2131616,1,699.97,1.0251406917225192,0.0,3.896,0,0.0,0.2
18,0.7087,0.0,1,4.5,2.2068816,1,716.26,1.9547184274646117,0.0,5.728,0,0.0,0.15
19,0.3406,0.0,1,4.5,3.0583349999999996,1,688.37,0.7425885338562662,0.0,2.673,0,0.0,0.15
20,0.5566,0.0,1,4.5,1.910608,1,718.13,0.6378504026344209,0.0,3.649,0,0.0,0.1
21,0.3329,0.0,1,3.5,3.4295002,1,683.35,1.5175534674583462,0.0,2.769,0,0.0,0.6
22,0.7389,0.0,1,4.5,1.3798988,1,752.87,1.7782126549249833,0.0,3.29,0,0.0,0.15
23,0.5758,0.0,1,4.0,2.8615804,1,694.53,2.3686356096601004,0.0,3.635,0,0.0,0.3
24,0.386,0.0,1,4.0,2.1436324,1,591.66,1.5950103950104002,0.0,2.328,0,0.0,0.2
25,0.5282,0.0,1,4.5,1.9820793999999997,1,672.72,1.8786464410735115,0.2973005113568795,3.961,2,0.0,0.2
26,0.5534,0.0,1,4.5,3.4645449999999998,1,691.34,1.235731939027697,0.0,4.206,0,0.0,0.2
27,0.595,0.0,1,3.5,2.1769719999999997,1,576.58,2.337477556827798,0.0,4.178,0,0.0,0.4
28,0.564944,0.0,1,3.0,2.5882094,1,639.89,3.900219265311031,0.0,2.9,0,0.0,0.6
29,0.6936000000000001,0.0,1,3.5,2.1317254,1,651.41,2.1524919638297293,0.9210788904069634,3.562,6,0.0,0.5
30,0.68204,0.0,1,3.5,2.4026267999999997,1,677.45,2.513958441259413,0.0,4.108,0,0.0,0.6
31,0.6680320000000001,0.0,1,3.0,1.7275146,1,608.84,3.3387841935637472,0.0,3.96,0,0.0,0.6
32,0.5893560000000001,0.0,1,3.5,4.0021142,1,591.63,1.0883739592737471,0.0,5.237,0,0.0,0.4
33,0.74868,0.0,1,3.5,2.6524189999999996,1,530.3,1.7052826691380993,0.0,3.397,0,0.0,0.4
34,0.69632,1.1013488429649796,1,3.5,2.6359060000000003,1,727.29,1.9349010301494016,0.0,3.467,0,1.0,0.5
35,0.75956,0.0,1,3.5,2.0021204,1,743.7,2.0041902201842015,0.1344628210299852,4.121,1,0.0,0.5
36,0.48939600000000005,0.0,1,4.0,1.8410084,1,743.51,1.3297413507093256,0.13449718228403115,3.405,1,0.0,0.4
37,0.457368,0.0,1,4.0,2.4209626,1,511.88,1.6712128779438407,0.39071657419707745,3.136,2,0.0,0.4
38,0.5799040000000001,0.0,1,4.0,2.5561339999999997,1,745.69,1.178138832198042,0.0,4.237,0,0.0,0.4
39,0.6902,2.13037580786723,1,4.0,1.7564344,1,751.98,2.417565305407404,0.13298226016649378,5.338,1,2.0,0.4
40,0.509932,0.0,1,4.0,3.0654791999999995,1,656.01,2.123120076390549,0.0,3.522,0,0.0,0.4
41,0.514352,0.0,1,4.0,3.252865,1,669.49,1.2886483936127875,0.14936742893844568,4.666,1,0.0,0.4
42,0.419628,0.0,1,3.5,2.1669956,1,576.86,1.4537813690486343,0.0,2.849,0,0.0,0.5
43,0.467024,0.0,1,4.0,2.8514569999999995,1,639.38,1.3165408775910195,0.1564015139666552,3.271,1,0.0,0.4
44,0.42289200000000005,1.3044965229711905,1,4.0,3.0846382,1,614.03,1.368564773913739,0.0,4.136,0,1.0,0.4
45,0.6706840000000001,0.0,1,3.5,2.7401682,1,702.68,1.092280840042805,0.0,5.287,0,0.0,0.5
46,0.429964,0.0,1,4.0,2.9422344,1,514.56,1.4026212922511019,0.0,3.872,0,0.0,0.4
47,0.7031200000000001,0.0,1,4.0,3.3638402000000003,1,547.13,1.3771472862627732,0.3655438378447535,5.747,2,0.0,0.4
48,0.8466000000000001,0.0,1,3.5,1.8836187999999998,1,526.1,1.451718647560176,0.38015586390420075,2.173,2,0.0,0.7
49,0.40718400000000005,1.1333248440086592,1,3.5,1.8857747999999999,1,706.77,2.0646555905053527,0.0,2.489,0,1.0,0.4
50,0.654908,0.0,1,4.0,2.2081066,1,685.87,1.8671664854346643,0.14580022453234578,4.054,1,0.0,0.4
51,0.76568,1.231511946127118,1,3.0,2.0952302,1,650.42,1.8337685074784689,0.0,5.742,0,1.0,0.5
52,0.338776,0.0,1,2.5,2.287957,1,463.1,4.905644879771655,0.21593608291945585,3.104,1,0.0,0.8
53,0.6504200000000001,0.0,1,3.0,1.4719208,1,517.66,4.671933410677127,0.0,3.341,0,0.0,0.7
54,0.7867600000000001,0.0,1,3.0,1.4394631999999998,1,465.13,5.139395917035464,0.0,3.523,0,0.0,0.6
55,0.7316800000000001,0.0,1,3.5,3.6795668,1,592.09,1.5496915581716195,0.0,4.187,0,0.0,0.5
56,0.9192,0.0,1,3.5,1.840734,1,737.06,2.9481861873724533,0.4070224947765447,2.993,3,0.0,0.5
57,0.5591,0.0,2,3.5,2.7592684,1,713.99,2.3256132094830297,0.14005798400537822,4.425,1,0.0,0.5
58,0.7839,1.3948871551964335,1,3.0,2.4732553999999998,1,574.24,2.3218629335419854,0.0,2.908,0,1.0,0.6
59,0.8222,3.7555677111823083,1,2.0,1.2096825999999998,1,639.85,6.173473128528487,0.15628662967883097,2.499,1,3.0,0.9
60,0.8072,1.0899293791076459,2,2.5,1.4859936,1,734.91,3.3064049260565227,0.13607108353403818,3.751,1,1.0,0.8
61,0.7665,0.0,1,3.0,2.9878142000000003,1,631.91,2.969673704414592,0.15825038375718062,2.995,1,0.0,0.5
62,0.5223,7.149657839928592,3,2.5,2.190937,1,672.2,2.122950580972062,0.1487652484379649,3.466,1,6.0,0.3
63,0.8155,0.0,2,3.0,3.0499364,1,717.32,0.839104770594,0.0,3.803,0,0.0,0.6
64,0.8082,0.0,1,3.5,1.754935,1,547.84,0.9527942000686992,0.5476051401869159,3.014,3,0.0,0.5
65,0.7116,0.0,2,3.0,2.5846716,1,614.83,3.42579793918069,0.0,3.91,0,0.0,0.6
66,0.7736,0.0,1,2.0,2.0822746,1,704.94,4.588273509826211,0.14185604448605554,3.944,1,0.0,0.95
67,0.7729,2.610778833460993,1,3.0,2.6775461999999997,1,613.61,3.9854165362708938,0.3259399292710353,4.77,2,2.0,0.6
68,0.7928,1.291040085102268,1,3.0,2.5589172,1,620.43,1.6891410099985869,0.16117853746595107,4.316,1,1.0,0.6
69,1.038,0.0,1,3.0,2.3496284,1,693.67,1.7353241160471444,0.14416076808857237,2.745,1,0.0,0.6
70,0.9066,1.3170442960965505,2,2.5,1.6195186,1,608.18,1.7146366295512232,0.0,3.341,0,1.0,0.6
71,0.5437,1.462559570544306,1,3.5,2.6670798000000002,1,547.67,2.0688791931907677,0.0,3.737,0,1.0,0.4
72,0.7721,1.593585866624224,1,3.0,2.8857766,1,502.64,4.228035744907885,0.0,4.739,0,1.0,0.5
73,0.4356,6.418783556374709,1,3.0,1.3180901999999999,1,499.16,7.048285879220121,0.40067313085984446,3.854,2,4.0,0.6
74,0.2807,0.0,1,3.5,1.2425028,1,692.15,4.715033039647578,0.0,3.148,0,0.0,0.5
75,0.4201,0.0,2,2.0,2.1819014,1,691.45,6.715864171714579,0.0,2.48,0,0.0,0.7
76,0.4473,0.0,1,2.5,1.4087108000000002,1,548.41,4.358214161144055,0.18234532557757882,3.402,1,0.0,0.7
77,0.5131,0.0,1,4.0,1.4412762,1,695.34,2.907171581769428,0.0,3.287,0,0.0,0.2
78,0.5849,2.294142918516397,1,3.5,2.0879194,1,698.3,2.9437927392005423,0.0,3.746,0,2.0,0.3
79,0.4467,1.2123321881006794,1,2.0,1.4412173999999998,1,660.71,7.76071478430824,0.0,3.807,0,1.0,0.9
80,0.4769,1.230509255703203,1,3.5,2.124444,1,650.95,3.4957674232428397,0.1536216299254935,3.464,1,1.0,0.3
81,0.6625,6.777366472765732,1,2.0,2.2228458,1,472.75,5.912908490228074,0.0,3.672,0,4.0,0.9
82,0.3834,0.0,1,4.0,2.1434854,1,738.64,1.578968407307229,0.0,3.478,0,0.0,0.2
83,0.4027,1.1430446943318684,2,4.0,2.092251,1,700.76,2.327655897192881,0.0,2.464,0,1.0,0.3
84,0.6548,1.1035946046485996,2,3.0,2.6049086,1,725.81,2.4448924731182866,0.13777710420082392,4.458,1,1.0,0.5
85,0.4139,0.0,3,3.0,1.2946878,1,713.54,1.3725517298575012,0.0,3.309,0,0.0,0.5
86,0.5406,1.3183449093123538,3,3.0,2.1751002,2,607.58,1.6287805193964036,0.0,3.949,0,1.0,0.6
87,0.6341,2.5773444664317773,1,2.0,1.9634888,1,621.57,5.565177757520509,0.48264877648535154,4.472,3,2.0,0.9
88,0.3746,2.280491971301674,1,1.5,0.1924426,2,702.48,4.8246148843636965,0.4270584215920738,3.22,3,2.0,0.9
89,0.7366,0.0,3,2.5,1.3670608,2,689.44,2.742354136102012,0.1450452541192852,4.155,1,0.0,0.5
90,0.4922,0.0,1,2.0,1.8883914000000002,1,690.68,4.85190797630528,0.0,4.424,0,0.0,0.9
91,0.4335,7.613827191787332,1,1.5,1.8406457999999999,1,631.22,4.224198100324693,0.31684674123126644,4.042,2,6.0,0.7
92,0.5618,0.0,1,3.5,1.6127468,2,687.7,2.331988865534278,0.2908244874218409,3.537,2,0.0,0.3
93,0.5792,2.13258785942492,2,3.0,2.3566844,1,751.2,1.5297494986039506,0.13312034078807242,2.603,1,2.0,0.6
94,0.7301,0.0,1,3.0,2.0136844,1,644.85,1.9448330393528321,0.15507482360238814,4.389,1,0.0,0.4
95,0.5782,1.0609833633569992,2,3.0,1.8840891999999998,2,754.96,3.109639497426817,0.13245734873370774,3.76,1,1.0,0.4
96,0.5388,0.0,1,2.5,1.5484784,1,755.24,4.392738689014361,0.13240824108892538,3.718,1,0.0,0.7
97,0.6823,7.603639766208758,2,2.5,1.5530746,1,737.41,1.3511524929432412,0.5424390773111295,3.657,4,7.0,0.6
98,0.4795,9.679257008700455,3,2.5,2.4741374,2,579.28,4.465993799063269,0.0,3.169,0,7.0,0.4
99,0.8968,25.18867924528302,1,1.0,2.3042152,1,636.0,2.625736813901857,0.0,4.617,0,20.0,0.8
100,0.6951,26.615085204348034,1,1.0,1.9070702,1,632.01,3.787544337712554,0.0,4.732,0,21.0,0.4
101,0.7418,26.35554763438944,1,1.5,1.1395146,1,729.41,4.0868387487015,0.9596797411606641,3.893,7,24.0,0.8
102,0.6032,7.47445527924229,2,2.0,2.3656808,1,642.99,1.713543258942225,0.0,3.741,0,6.0,0.4
103,0.6599,10.448734672580223,3,2.0,1.7207721999999999,1,689.94,4.978721646076929,0.0,3.917,0,9.0,0.6
104,0.6661,6.7719708605165625,2,2.5,2.5652578000000004,1,709.69,2.8181357580073025,0.0,3.425,0,6.0,0.6
105,0.5443,0.0,1,3.0,1.3900712,1,697.1,4.86133857408014,0.0,3.098,0,0.0,0.5
106,0.7442,3.6349059885945936,2,2.5,2.3237172,1,661.09,3.2376575284319613,0.1512653345232873,3.966,1,3.0,0.5
107,0.6521,2.3808462258682956,2,3.0,1.7675378,2,672.87,2.1322705918287155,0.0,3.103,0,2.0,0.4
108,1.14,12.807291042091379,2,1.5,1.5320928,2,750.51,2.697972307213615,0.0,2.886,0,12.0,0.8
109,0.6044,2.3627970088936743,1,2.0,1.4087793999999998,2,678.01,6.888501311506924,0.0,3.54,0,2.0,0.8
110,0.7525,1.181677362248285,2,2.0,1.9736219999999998,1,677.85,5.570879304580409,0.0,4.483,0,1.0,0.8
111,0.7031,2.471421298653214,1,2.5,1.5242038,1,648.21,7.529351345953576,0.15427099242529427,4.507,1,2.0,0.5
112,0.4016,1.0770616789253584,1,3.5,2.148552,1,743.69,1.8917457092727092,0.0,1.97,0,1.0,0.3
113,0.4432,0.0,1,3.5,2.656878,1,614.42,3.239421093245571,0.0,2.908,0,0.0,0.4
114,0.8016,0.0,1,3.5,1.7361777999999999,1,723.97,3.178912456201351,0.0,4.454,0,0.0,0.3
115,0.1907,0.0,1,4.0,2.4850643999999997,1,695.18,2.447307120204324,0.0,2.711,0,0.0,0.2
116,0.4849,7.346040383351419,1,3.0,1.8433604000000001,1,654.23,3.254761623092392,0.30570288736377116,4.503,2,6.0,0.3
117,0.3399,4.9302168125932875,1,3.0,2.5944226,1,649.87,2.6747337995896565,0.15387692923200025,3.374,1,4.0,0.5
118,0.757,5.991383179247823,1,3.5,2.1319116,1,668.46,2.4487770708073042,0.14959758250306673,3.426,1,5.0,0.2
119,0.4323,0.0,1,4.0,2.3357516,1,684.38,2.270520363283255,0.0,3.119,0,0.0,0.2
120,0.437,1.4146944542564464,1,3.5,2.2531572,1,566.2,2.6277773956111945,0.17661603673613563,4.009,1,1.0,0.4
121,0.6255,0.0,1,3.5,1.951621,1,623.66,1.6882891687816315,0.0,4.044,0,0.0,0.4
122,0.522,0.0,1,4.0,2.0738662,1,580.44,2.3009207049199576,0.17228309558266142,3.962,1,0.0,0.3
123,0.5248,0.0,1,4.5,2.0087158,1,649.14,1.7377614967757589,0.0,5.268,0,0.0,0.1
124,0.4711,0.0,1,4.5,2.0393898,1,654.64,2.1362474399413935,0.0,4.533,0,0.0,0.1
125,0.5083,0.0,1,4.5,2.0842248,1,688.88,2.082356118431336,0.1451631633956567,4.732,1,0.0,0.2
126,0.4041,2.3133908070874667,2,4.0,1.9185557999999998,1,692.49,2.4015897847871077,0.1444064174211902,5.123,1,2.0,0.2
127,0.4897,3.90059409797747,1,3.5,3.5068418,1,616.06,1.780845941680097,0.32464370353537,3.883,2,3.0,0.2
128,0.4064,2.323928338289693,1,4.0,3.0252306,1,689.35,1.649284501576514,0.0,3.656,0,2.0,0.2
129,0.3648,0.0,1,4.0,2.6561920000000003,1,710.76,1.6480551288970025,0.0,2.877,0,0.0,0.3
130,0.4893,1.2130665899350306,1,4.0,1.7498292,1,660.31,1.5931445603576833,0.0,2.969,0,1.0,0.15
131,0.3531,1.1770929771194287,2,4.0,3.0085509999999998,1,680.49,1.4653711935824856,0.44085879292862495,2.907,3,1.0,0.2
132,0.6046,3.6792626163645266,1,3.5,1.9112057999999998,1,653.12,2.920760438188382,0.3062224399804018,3.919,2,3.0,0.3
133,0.391,1.1494417817065121,1,4.0,1.6345126,1,696.86,2.6160596998239227,0.2870016933099905,4.267,2,1.0,0.2
134,0.5136,0.0,1,4.0,2.7841506,1,674.92,1.4830384772581422,0.0,3.618,0,0.0,0.3
135,0.344,0.0,1,4.5,3.0589915999999997,1,667.15,1.8449587311862872,0.0,3.117,0,0.0,0.15
136,0.4197,0.0,1,4.0,1.9943686,1,663.1,2.423591388672252,0.3016136329362087,2.997,2,0.0,0.2
137,0.3952,0.0,1,4.5,2.6434716000000003,1,689.88,1.7194956905762586,0.0,3.091,0,0.0,0.15
138,0.4207,0.0,1,3.5,2.6803784,1,686.2,2.5505566916609754,0.1457301078402798,3.123,1,0.0,0.6
139,0.4243,0.0,1,4.0,2.4487064,1,693.88,1.733416416473122,0.0,4.425,0,0.0,0.2
140,0.546992,1.40538643740679,2,4.0,1.6033584,3,569.95,1.6343930137033436,0.17545398719185892,3.183,1,1.0,0.4
141,0.7303200000000001,1.1982587101889388,2,3.0,1.408358,2,668.47,2.8386627906976702,0.0,3.354,0,1.0,0.6
142,0.529448,0.0,2,3.0,2.6629441999999997,1,668.56,2.429911997781715,0.0,4.114,0,0.0,0.7
143,0.61948,1.2857968408886604,1,3.5,1.514296,1,622.96,2.3405289313204394,0.16052395017336585,5.053,1,1.0,0.4
144,0.55862,1.1517556725045293,1,3.5,1.839656,1,695.46,1.3475941897412618,0.0,4.674,0,1.0,0.4
145,0.8030800000000001,6.185041619693296,1,3.5,2.842686,1,647.53,1.6808381415123066,0.0,4.311,0,5.0,0.4
146,0.6058800000000001,2.250727060707813,1,3.0,1.4374934,1,711.77,1.588640322982055,0.2809896455315622,4.071,2,2.0,0.7
147,0.68068,0.0,2,3.0,1.8671645999999997,1,634.84,2.687125404295104,0.15752000504064015,3.714,1,0.0,0.6
148,0.5937760000000001,1.1278195488721803,2,3.5,2.915451,1,710.22,1.8558695501969116,0.0,3.976,0,1.0,0.5
149,0.544544,1.1428979096811014,1,3.5,2.3364474,1,700.85,1.489914962400734,0.0,3.635,0,1.0,0.4
150,0.46464400000000006,0.0,1,4.0,2.4727654,1,655.57,1.6207212209433128,0.0,2.763,0,0.0,0.4
151,0.7786000000000001,2.4724129948298477,1,3.0,1.359946,1,647.95,2.799237935224489,0.0,4.135,0,2.0,0.6
152,0.52598,0.0,2,3.5,1.7771613999999998,1,676.97,1.9282030480384693,0.0,3.648,0,0.0,0.5
153,0.648244,0.0,2,3.0,1.5020753999999998,2,688.12,2.1180353053299363,0.0,3.849,0,0.0,0.4
154,0.544204,0.0,1,3.0,1.5375807999999997,1,721.64,3.1810558797880235,0.0,4.714,0,0.0,0.6
155,0.7357600000000001,7.84986279890239,2,3.5,1.721174,2,714.28,2.4380915957548552,0.0,5.441,0,7.0,0.4
156,0.504356,0.0,1,3.5,2.6007436,1,575.06,1.2975867632419176,0.17389489792369492,4.297,1,0.0,0.5
157,0.6650400000000001,0.0,1,3.5,1.6228604,1,627.93,0.8385446276293442,0.9555205198031628,3.714,6,0.0,0.5
158,0.617372,0.0,1,4.0,2.1608706,1,662.53,2.3925630184009323,0.0,5.062,0,0.0,0.3
159,0.6196160000000001,1.3011907275946653,1,3.5,3.094938,1,615.59,1.4314764703056604,0.0,3.671,0,1.0,0.5
160,0.5284960000000001,0.0,1,3.5,1.9889492,1,691.36,1.1693398519026719,0.0,2.999,0,0.0,0.4
161,0.582488,0.0,1,3.5,2.469551,1,656.22,2.1924790961799183,0.0,2.842,0,0.0,0.6
162,0.39603200000000005,0.0,1,3.5,2.4835258,2,604.12,1.5962991920771366,0.0,2.215,0,0.0,0.4
163,0.5127200000000001,3.4425454493359884,1,3.0,2.1509334,1,698.03,3.65887321610953,0.0,4.764,0,3.0,0.5
164,0.557532,1.3658453406087476,1,3.5,1.744743,2,586.45,3.4809084924292257,0.1705175206752494,3.356,1,1.0,0.5
165,0.591804,0.0,1,3.0,1.8566197999999998,1,662.55,1.8022557839664568,0.0,4.019,0,0.0,0.8
166,0.6086680000000001,1.1611388147976343,1,3.5,2.2869672,1,689.84,2.046148384806527,0.14496115041168967,4.214,1,1.0,0.4
167,0.5469240000000001,1.1853846950705162,1,4.0,2.5381412,1,675.73,1.7291527297053584,0.0,4.001,0,1.0,0.4
168,0.4782,14.960544132982614,2,3.0,1.970437,1,642.49,2.5674077219374527,0.0,3.004,0,12.0,0.2
169,0.5878,4.978634138761557,2,2.5,2.8140896,1,643.55,1.6144073626760114,0.621552326936524,3.797,4,4.0,0.4
170,0.4129,1.220552829671167,1,3.0,1.6649416,1,656.26,5.967818200054445,0.30475726084173954,3.179,2,1.0,0.4
171,0.6345,0.0,2,3.5,1.3412672,1,659.11,2.753146347581033,0.3034394865803887,3.851,2,0.0,0.3
172,0.6119,0.0,3,3.5,2.695833,1,701.95,1.8567453826041933,0.0,3.496,0,0.0,0.3
173,0.5728,0.0,2,3.5,1.4510566,1,663.64,3.0602258285981456,0.0,3.273,0,0.0,0.3
174,0.4384,4.338406542815361,2,2.0,2.1570486,1,553.89,2.0738304868993347,0.36108252541118274,3.577,2,3.0,0.7
175,0.562,0.0,3,3.0,3.1386165999999998,1,650.9,1.1646446087735658,0.15363343063450607,3.868,1,0.0,0.3
176,0.4812,1.1149311693554,1,3.0,2.4561935999999998,1,718.43,1.3023588080944097,0.13919240566234709,2.862,1,1.0,0.4
177,0.6126,0.0,1,3.0,1.7552780000000001,1,690.7,2.033927153069318,0.0,4.119,0,0.0,0.5
178,0.5344,1.1945239799570508,2,3.0,1.3301246,1,670.56,2.4001164398515407,0.0,4.104,0,1.0,0.5
179,0.6334,1.1749347258485638,2,3.0,2.4900428,1,681.74,1.3586445386540862,0.0,4.002,0,1.0,0.5
180,0.4207,2.5038292019630517,3,2.5,1.79389,1,639.82,2.1188061254149506,0.31258791535119246,2.651,2,2.0,0.7
181,0.5344,1.218510405257393,2,3.5,1.1531954,1,657.36,2.0269464647669047,0.0,3.703,0,1.0,0.3
182,0.8838,0.0,2,2.5,1.5875313999999998,1,681.04,0.5650377421851053,0.14683425349465523,3.544,1,0.0,0.6
183,0.6535,0.0,2,3.5,1.0198566,1,691.55,1.1817324454859957,0.0,3.609,0,0.0,0.3
184,0.6698,0.0,1,3.0,2.0144096,1,658.07,0.9721156305960488,0.0,3.101,0,0.0,0.6
185,0.6927,0.0,1,3.0,1.8266612,1,598.25,2.7425542983482902,0.0,3.105,0,0.0,0.5
186,0.7039,1.1796238752337893,2,3.0,2.1854196,1,679.03,1.789123517500724,0.2945377965627439,4.455,2,1.0,0.4
187,0.516,2.5106569709127378,1,3.0,1.9673108000000001,1,638.08,2.113950848341664,0.0,3.803,0,2.0,0.3
188,0.8017,1.2487722744492775,2,3.0,1.6958214,1,641.43,0.9129669107424354,0.0,3.582,0,1.0,0.6
189,0.5807,8.155161881490532,1,2.5,2.7831118,1,687.54,2.1142100542433724,0.0,4.678,0,7.0,0.2
190,0.6247,8.563573883161512,1,2.0,2.5340839999999996,1,654.75,1.2026195074843111,0.15273004963726614,3.424,1,7.0,0.4
191,0.6828,8.889981132374626,1,1.0,1.0309796,1,630.71,4.873156164218266,0.15855147373594836,4.686,1,7.0,0.9
192,0.5378,22.622409846300204,2,1.0,2.223865,1,672.74,2.1027663382761745,0.0,2.504,0,19.0,0.3
193,0.6229,8.615814868311872,2,1.5,2.2615656,1,650.78,1.9747247284941802,0.1536617597344725,3.739,1,7.0,0.5
194,0.6896,4.660228066092623,3,2.0,1.6221253999999998,1,687.52,0.7606922732718403,0.14545031417267862,3.825,1,4.0,0.5
195,0.4376,18.41492198755479,3,1.0,2.8954296,1,652.46,1.318854169817586,0.0,3.45,0,15.0,0.4
196,0.4756,23.85703648548027,1,1.0,1.19364,1,671.5,3.975403975403969,0.0,2.92,0,20.0,0.6
197,0.4272,17.036598149582975,1,1.0,1.2679729999999998,1,658.23,4.3437191187583535,0.0,2.961,0,14.0,0.7
198,0.6538,4.293294741919922,2,2.0,1.7866967999999999,2,559.71,3.606303280805983,0.0,4.075,0,3.0,0.5
199,0.5159,1.14705503286506,2,1.5,1.208095,1,698.31,1.9475413519054179,0.14320287551374034,3.53,1,1.0,0.7
200,0.51,4.7219029091873725,1,2.5,1.5006053999999998,2,678.54,2.385199677753487,0.29475049370707695,2.583,2,4.0,0.4
201,0.7424,0.0,1,1.5,1.0622024,1,661.04,3.148579549616868,0.1512767759893501,3.792,1,0.0,0.9
202,0.6246,15.695702636299233,1,1.5,1.7674986,1,663.43,3.008727942573945,0.15073180290309454,4.053,1,13.0,0.7
203,0.5826,11.202797202797203,2,1.5,1.9876555999999999,1,643.5,7.9794079794079735,0.1554001554001554,2.939,1,9.0,0.7
204,0.4673,17.117916851605266,2,1.0,3.0137254,2,608.31,11.598267743998148,0.0,2.992,0,13.0,0.4
205,0.6033,4.859478561570079,1,1.0,0.9403296,1,659.33,6.34289158701454,0.303338237301503,3.014,2,4.0,1.0
206,0.5762,4.572700804932352,2,3.0,1.5689309999999999,1,700.68,1.6147603134039148,0.0,3.204,0,4.0,0.3
207,0.7478,0.0,2,2.0,1.6583266,1,658.95,5.203418114857861,0.0,3.729,0,0.0,0.8
208,0.5212,8.63026982099155,2,1.5,1.049188,1,649.69,4.811510116771412,0.3078391232741769,3.283,2,7.0,0.7
209,0.663,0.0,1,3.5,1.2617206,1,673.8,1.4926682358445105,0.0,4.552,0,0.0,0.3
210,0.8183,4.333321311357161,1,3.0,1.3796048,1,554.54,2.3049807031938605,0.0,3.652,0,3.0,0.4
211,0.5903,5.673849292362616,1,2.0,2.191035,1,705.87,4.211522726178826,0.566676583506878,3.509,4,5.0,0.7
212,0.5264,1.1745384694341392,1,2.5,1.8993086,1,681.97,2.645943461273265,0.0,4.623,0,1.0,0.7
213,0.8121,0.0,1,3.0,1.7450957999999999,1,666.37,1.8398283574764067,0.30013355943394815,3.534,2,0.0,0.5
214,0.7267,2.568583751543234,2,3.0,1.6217922,1,623.69,2.332111266294223,0.0,4.231,0,2.0,0.5
215,0.903,9.520979436586236,2,2.0,1.8913411999999998,1,673.04,2.4628639334521747,0.0,3.674,0,8.0,0.4
216,0.693,1.1764014745406748,1,3.0,1.4787219999999999,1,680.89,2.315391554620038,0.0,3.536,0,1.0,0.5
217,0.6366,5.430968726163234,1,2.5,1.9193104,1,589.95,3.7914026434501604,0.0,3.232,0,4.0,0.7
218,0.7122,5.788576053650922,1,3.0,2.4857405999999997,1,691.88,3.2153198929137248,0.0,3.696,0,5.0,0.5
219,0.7673,3.899391480730223,1,3.0,2.6291930000000003,1,616.25,2.078841788146596,0.0,3.586,0,3.0,0.5
220,0.5481,1.1834581800452106,1,3.0,2.1537754,1,676.83,2.584291159546122,0.2954951760412511,2.603,2,1.0,0.6
221,0.6408,2.3315722831070165,2,3.0,2.3824388,1,687.09,2.8481210529606567,0.0,3.553,0,2.0,0.6
222,0.4417,1.1278354289576322,1,3.0,2.8932931999999996,2,710.21,2.6014326730663178,0.14080342433927992,2.614,1,1.0,0.5
223,0.5507,5.639971272056441,1,3.0,2.8887558,1,710.11,2.958138467276849,0.0,4.233,0,5.0,0.7
224,0.4509,1.6428747231110017,2,3.5,2.9857464,1,487.56,2.525040484615845,0.0,4.237,0,1.0,0.4
225,0.5563,0.0,1,3.5,2.418003,1,691.48,3.723093202639861,0.0,2.772,0,0.0,0.3
226,0.6266,0.0,1,3.5,1.725094,1,510.63,3.7817976257772843,0.0,4.454,0,0.0,0.4
227,0.7123,0.0,1,3.0,2.5589662000000004,1,396.25,3.9463796572370433,0.0,3.091,0,0.0,0.6
228,0.6893,1.7312555385047657,1,3.5,1.7493588,1,462.67,3.5058813714857764,0.2161367713489096,4.82,1,1.0,0.3
229,0.4843,1.5659211761025964,2,3.5,1.4253316,1,511.52,3.586843841296763,0.0,3.918,0,1.0,0.3
230,0.7023,0.0,1,3.5,2.101022,1,660.45,4.110285150124855,0.15141191611779845,4.257,1,0.0,0.5
231,0.6287,0.0,1,3.5,2.4686102,1,648.52,3.1539334567827497,0.0,4.966,0,0.0,0.4
232,0.4643,1.2049823991334958,2,3.5,2.1753746,1,664.74,2.327426606717804,0.0,3.214,0,1.0,0.4
233,0.6269,0.0,1,3.5,1.93697,1,664.03,2.884095063985379,0.0,4.335,0,0.0,0.3
234,0.5979,0.0,1,3.5,2.1659666,1,506.1,3.428931249642228,0.19758940920766646,2.532,1,0.0,0.4
235,0.6315,1.6603445059386854,1,3.5,1.7429006,1,482.43,3.4599375650364244,0.0,4.106,0,1.0,0.5
236,0.5808,0.0,1,3.5,2.0649678000000002,1,683.13,2.2298235319374333,0.0,5.111,0,0.0,0.3
237,0.5523,0.0,1,4.0,2.65678,1,675.03,2.271542738012516,0.0,3.859,0,0.0,0.2
238,0.5463,2.2813363333428267,1,4.0,1.9303158,1,702.22,2.5438900839636287,0.0,4.061,0,2.0,0.2
239,0.8523,0.0,1,4.0,1.9723675999999999,1,719.39,1.5559143904975647,0.0,2.63,0,0.0,0.15
240,0.4617,0.0,1,4.0,1.8557574,1,700.99,3.3343905566970435,0.0,4.79,0,0.0,0.3
241,0.6863,0.0,1,4.5,2.5238038,1,664.48,2.3742360131640763,0.0,4.968,0,0.0,0.1
242,0.5468,0.0,1,4.5,1.8343345999999998,1,441.46,2.856262652935485,0.0,3.676,0,0.0,0.1
243,0.6479,0.0,1,4.0,3.2842054,1,695.46,2.4326599326599214,0.14378972191067782,5.891,1,0.0,0.2
244,0.8493,0.0,1,4.0,1.8878034000000001,1,481.62,1.9842481225960071,0.0,4.76,0,0.0,0.2
245,0.753,0.0,1,4.0,3.5645736,1,674.94,1.1076923076922995,0.0,4.578,0,0.0,0.2
246,0.8128,0.0,1,4.0,0.7872928,1,685.6,1.9576999528092696,0.14585764294049008,3.209,1,0.0,0.25
247,0.2745,0.0,1,3.7,0.9859975999999999,1,569.35,2.8694747257621405,0.0,3.587,0,0.0,0.4
248,0.5001,0.0,1,4.0,2.8737716,1,707.23,1.4547075954129254,0.2827934335364733,3.458,2,0.0,0.2
249,0.8072,2.319923538100617,1,3.5,1.8283272,1,690.54,3.4587853707638985,0.0,4.738,0,2.0,0.3
250,0.5172,0.0,1,3.7,1.8799242,1,696.76,1.4246707129012703,0.0,4.437,0,0.0,0.4
251,0.9344,0.0,1,4.0,1.975974,1,685.08,1.6876183915963479,0.1459683540608396,4.378,1,0.0,0.15
252,0.450704,0.0,1,2.5,2.015615,1,655.81,4.7147880161566915,0.0,4.657,0,0.0,0.9
253,0.6571520000000001,0.0,1,1.0,1.8350108,1,628.55,5.48546682104567,0.0,6.051,0,0.0,1.0
254,0.7316800000000001,1.2987855301347428,1,2.0,1.600193,1,616.73,7.665473926908499,0.0,4.422,0,1.0,1.0
255,0.585616,1.2316066239217676,1,1.5,1.2939332,1,650.37,7.3982316005296695,0.0,3.281,0,1.0,1.0
256,0.7493600000000001,2.3911875335840946,1,2.0,1.7934392,1,669.96,6.3255033557047,0.14926264254582364,4.517,1,2.0,0.9
257,0.649468,0.0,1,2.0,1.1855647999999999,1,634.8,7.252644497691557,0.0,3.661,0,0.0,1.0
258,0.69088,0.0,1,2.0,1.1338894,1,644.13,6.0350109409190384,0.15524816419045845,4.693,1,0.0,0.8
259,0.8595200000000001,0.0,1,2.0,1.3062714,1,651.57,4.320180913082418,0.15347545160151632,3.594,1,0.0,0.9
260,0.56508,0.0,2,3.5,1.7408229999999998,1,649.84,3.0465789395160026,0.0,3.546,0,0.0,0.5
261,0.8194000000000001,0.0,2,3.5,1.9781398,1,666.34,2.6174643770551653,0.300147072065312,5.281,2,0.0,0.6
262,0.6763960000000001,0.0,1,2.0,1.4208824,1,628.98,5.501802884615385,0.0,3.536,0,0.0,1.0
263,0.65246,0.0,1,2.0,1.9836866,1,648.7,6.5704574259707345,0.0,3.247,0,0.0,1.0
264,0.6230840000000001,0.0,1,3.0,1.7352173999999998,1,653.51,4.708369787109939,0.15301984667411364,6.648,1,0.0,0.7
265,0.8330000000000001,0.0,1,2.5,1.363278,1,593.2,6.481058157683137,0.0,4.371,0,0.0,0.9
266,0.6634080000000001,0.0,1,2.0,1.2847212,1,584.89,5.574569758806621,0.17097231958145975,3.451,1,0.0,1.0
267,0.6459320000000001,8.599429465353824,2,1.0,2.0458872,1,652.02,7.518828986000595,0.0,4.199,0,7.0,1.0
268,0.582692,0.0,1,3.5,2.3752847999999998,1,690.8,3.74674302275357,0.0,5.311,0,0.0,0.4
269,0.6673520000000001,1.240936977133296,1,2.0,1.8557574,1,645.48,5.439416357803138,0.0,3.341,0,1.0,1.0
270,0.502792,0.0,1,3.5,1.5451366,1,621.72,2.888114837319006,0.16084410988869588,4.639,1,0.0,0.6
271,0.43669600000000003,1.6935893098782135,1,2.0,1.6566703999999999,1,472.96,5.515712088219433,0.21143437077131258,3.122,1,1.0,0.9
272,0.529992,0.0,1,3.5,1.992389,1,671.32,3.2359427475964564,0.14896025740332478,3.66,1,0.0,0.5
273,0.7004,0.0,1,2.0,1.1009516,1,474.01,4.558542232960835,0.42193202675049046,3.715,2,0.0,0.9
274,0.30498000000000003,0.0,1,3.0,1.2070855999999999,1,399.05,3.159657339772364,0.0,2.674,0,0.0,0.7
275,0.799,0.0,1,2.5,2.1907115999999998,1,442.22,3.9654273801250848,0.22613178960698296,3.187,1,0.0,0.8
276,0.482596,0.0,1,2.5,1.8170081999999999,1,664.23,5.633062453827354,0.0,4.962,0,0.0,0.8
277,0.542096,0.0,1,2.5,2.237438,1,432.82,4.033169996230682,0.0,4.316,0,0.0,0.9
278,0.58616,0.0,1,3.0,1.5949402,1,501.18,2.0922463810584264,0.0,4.512,0,0.0,0.6
279,0.33911600000000003,1.7015762416620637,1,2.5,1.4263606,1,470.74,5.06594603315452,0.21243149084420274,2.385,1,1.0,1.0
280,0.6358,1.332601317628269,1,1.0,1.4829066,1,601.08,7.449265543682443,0.3327344113928262,5.064,2,1.0,0.9
281,0.5124,2.560127846584099,1,1.0,0.5602758,1,625.75,11.18822560958302,0.6392329204954055,3.485,4,2.0,1.0
282,0.5105,2.550346254875428,2,1.0,0.7651741999999999,1,628.15,4.005440430344159,0.0,4.219,0,2.0,1.0
283,0.4922,6.168181118127214,2,1.0,0.8880172000000001,1,649.3,9.477470443899177,0.0,4.124,0,5.0,1.0
284,0.4941,4.174991747311361,2,1.0,0.5028086,1,575.57,9.64789727328382,0.0,2.671,0,3.0,1.0
285,0.6556,2.6349984374228987,2,1.0,0.7132538,1,607.97,7.594917469678089,0.0,3.315,0,2.0,1.0
286,0.5615,2.649159941791242,1,1.0,0.9885358,1,604.72,12.577174643926883,0.0,3.568,0,2.0,1.0
287,0.6006,44.286767416144485,2,1.0,0.7980728,1,651.12,8.682801695293326,0.7679076053569234,3.694,5,36.0,1.0
288,0.5071,7.2482128314179715,2,1.0,0.634795,1,663.06,6.277569345242768,0.0,3.578,0,6.0,1.0
289,0.7525,1.3231358815950314,1,1.0,0.7004158,1,605.38,8.854910782138187,0.0,4.057,0,1.0,1.0
290,0.7336,7.306061020659461,1,1.0,0.988232,1,657.81,7.612587697592511,0.0,4.199,0,6.0,1.0
291,0.6014,5.138320904498436,1,1.0,0.8055894,1,623.55,9.063638912251202,0.16037206318659292,4.03,1,4.0,1.0
292,0.9889,2.9376707681587293,1,1.0,0.43434579999999995,1,545.33,8.450323590071825,0.0,3.922,0,2.0,1.0
293,0.5104,0.0,1,1.0,0.6627544,1,399.26,2.2195768790308024,0.25046335721084007,3.745,1,0.0,1.0
294,0.8454,0.0,1,1.0,0.507444,1,496.48,8.250834377772462,0.0,5.15,0,0.0,1.0
295,0.5628,0.0,1,1.0,1.2525086,1,618.6,6.984786620362961,0.0,3.653,0,0.0,1.0
296,0.5481,9.81963620760991,1,1.0,0.6987498,1,652.57,7.942256176207953,0.0,4.069,0,8.0,1.0
297,0.4193,1.3726565445385064,1,1.0,1.3877584,1,583.54,6.0339621729993524,0.0,2.945,0,1.0,0.9
298,0.6455,6.052591808976877,1,1.0,2.2380162,1,661.7,8.00259426738969,0.1511258878645912,4.547,1,5.0,0.9
299,0.5572,2.557348785977683,1,1.0,0.643076,1,626.43,9.734951325243388,0.15963475567900645,4.862,1,2.0,1.0
300,0.522,1.17583159625378,2,1.0,2.2650936,1,681.22,3.903796745646592,0.14679545521270662,4.375,1,1.0,0.9
301,0.6718,1.207034252045629,3,1.5,1.4991844,1,663.61,5.978439492539275,0.0,4.537,0,1.0,0.7
302,0.5138,1.1644303595051535,2,1.0,1.551928,1,687.89,5.520308162918487,0.0,3.199,0,1.0,1.0
303,0.472,3.678192588510814,1,1.0,2.2117424,1,653.31,7.494250213356871,0.0,4.956,0,3.0,1.0
304,0.4285,0.0,1,1.0,1.1707864,1,607.2,9.521995004022173,0.16469038208168643,3.661,1,0.0,1.0
305,0.5923,2.5523372526527104,1,1.0,1.2006078,1,627.66,10.145859226560376,0.0,4.889,0,2.0,1.0
306,0.5438,0.0,2,1.0,1.1599769999999998,1,564.46,7.7950665180843846,0.0,3.538,0,0.0,1.0
307,0.8561,1.217084770486074,2,1.0,1.1528426,1,658.13,5.650102110279106,0.15194566423047118,6.198,1,1.0,0.9
308,1.085,0.0,1,1.5,0.7679966,1,525.59,7.295418500896722,0.19026237181072697,4.158,1,0.0,1.0
309,0.5213,3.1805277055331658,1,1.5,0.572712,1,503.69,9.14152401671723,0.1985348130794735,2.81,1,2.0,1.0
310,0.8485,3.310464539593321,1,1.5,0.424732,1,483.92,12.343830499742403,0.0,5.583,0,2.0,1.0
311,0.7862,2.161126699762573,1,1.5,1.4965776,1,370.64,6.569050245712569,0.0,4.566,0,1.0,1.0
312,0.7393,0.0,1,1.5,1.1039700000000001,1,542.57,12.24578556392547,0.0,4.861,0,0.0,1.0
313,0.821,0.0,1,1.5,1.1134466,1,543.34,14.090140249489028,0.0,4.455,0,0.0,1.0
314,0.8062,0.0,1,1.5,0.9296574,1,399.76,9.973420860165188,0.0,3.595,0,0.0,1.0
315,0.6815,2.425288400399673,1,1.5,1.0106152,1,330.27,10.782971980119576,0.0,4.375,0,1.0,1.0
316,0.7756,1.2775527130051996,1,1.5,0.9410646,1,626.98,10.186635343252403,0.0,5.338,0,1.0,1.0
317,0.6008,0.0,1,1.5,0.8976211999999999,1,447.57,8.73882979576776,0.44685747480840987,5.858,2,0.0,1.0
318,0.8079,4.713058486643392,1,1.5,1.068788,1,509.86,12.482717756270983,0.0,4.045,0,3.0,1.0
319,0.7523,0.0,1,1.5,0.8969058,1,530.09,17.87142171757555,0.0,4.651,0,0.0,1.0
320,0.5141,3.7410676754939045,1,1.5,1.4216468,1,642.33,8.507150938470016,0.0,3.557,0,3.0,1.0
321,0.4573,3.8236323711930744,1,1.5,0.8720138,1,628.46,14.63030834196477,0.0,4.237,0,3.0,1.0
322,0.4896,0.0,1,2.0,1.718381,1,658.98,7.92250414652221,0.15174967373820145,3.227,1,0.0,1.0
323,0.7086,13.631089589876083,1,1.0,0.4057788,1,646.39,12.57494054995479,0.0,4.543,0,11.0,0.9
324,0.7632,4.404406239117285,1,1.5,0.4762212,1,545.59,11.075922280236238,0.0,4.569,0,3.0,1.0
325,0.8603,0.0,1,1.5,0.6213004,1,438.84,8.134946075707715,0.0,3.856,0,0.0,1.0
326,0.8435,0.0,1,1.5,1.0357326,1,633.02,9.807069386827298,0.0,4.269,0,0.0,1.0
327,0.6651,0.0,1,1.5,0.6601672000000001,1,609.37,7.459666241614466,0.0,5.099,0,0.0,1.0
328,0.9021,1.2878227595742628,1,1.5,0.980441,1,621.98,10.843508816969646,0.0,4.121,0,1.0,1.0
329,0.8279,0.0,1,1.5,0.6953883999999999,1,552.48,15.540186312860413,0.1810020272227049,3.563,1,0.0,1.0
330,0.9033,1.4934277990118392,1,1.5,0.5847268,1,536.35,7.96239584075208,0.0,3.859,0,1.0,1.0
331,0.7815,1.2312280000614846,1,1.5,1.1723936,1,650.57,12.16845851113556,0.30742272161335443,5.152,2,1.0,1.0
332,0.8361,5.338665333666583,1,1.0,1.2081439999999999,1,600.15,8.187829920529039,0.3332500208281263,4.865,2,4.0,1.0
333,0.6485,1.3028627195836044,1,1.5,1.0342528,1,614.8,5.3911524104519195,0.0,6.27,0,1.0,1.0
334,0.5889,3.857204770542063,1,1.5,0.671153,1,622.99,10.534402701561838,0.48154866049214273,4.484,3,3.0,1.0
335,0.5889,2.57813254369307,1,1.5,1.0724728000000001,2,621.38,7.050747329987564,0.0,4.484,0,2.0,1.0
336,0.8237,0.0,1,3.5,1.6224782,1,695.66,2.31689507975736,0.14374838283069316,2.773,1,0.0,0.5
337,0.9196,0.0,2,4.0,2.7303976000000003,1,596.92,1.3502123651027238,0.0,3.871,0,0.0,0.2
338,0.9242,0.0,2,4.0,2.4385144,1,585.23,1.7625434341060546,0.0,3.664,0,0.0,0.1
339,0.4451,3.5470728899123194,1,3.7,2.2832824,1,677.46,1.3886462882096016,0.0,3.15,0,3.0,0.2
340,0.4478,0.0,1,4.0,2.8692146,1,708.23,1.3497325607309925,0.0,2.971,0,0.0,0.2
341,0.438,12.282554989521751,1,3.0,2.3964822,1,586.93,1.4176058585417564,0.0,3.698,0,9.0,0.2
342,0.4164,0.0,1,4.0,2.9023875999999995,1,647.73,0.9208413001912018,0.0,3.626,0,0.0,0.2
343,0.475,0.0,1,4.5,2.867725,1,697.98,1.813271062219532,0.0,4.613,0,0.0,0.1
344,0.4436,0.0,1,4.5,1.8706828,1,681.27,1.8908410138248843,0.0,3.824,0,0.0,0.1
345,0.4213,0.0,1,4.5,2.4965794,1,650.44,1.5230885692656995,0.0,3.34,0,0.0,0.15
346,0.6088,0.0,1,4.0,2.0486312,1,678.91,1.961039148579769,0.0,3.695,0,0.0,0.2
347,0.4226,0.0,1,4.5,2.7749582,1,669.61,2.095213030382788,0.0,3.667,0,0.0,0.2
348,0.6226,1.1251106148076355,2,4.0,2.4364074,1,711.93,2.126752818256809,0.0,3.491,0,1.0,0.1
349,0.4051,1.7390737966521204,2,4.0,2.4925026,1,460.59,1.7491840696260683,0.0,4.02,0,1.0,0.2
350,0.4178,0.0,2,4.5,1.9533947999999999,1,666.74,0.6452382016779233,0.0,3.576,0,0.0,0.1
351,0.6392,0.0,1,4.0,1.9394592,1,673.42,0.8407815882084484,0.0,4.952,0,0.0,0.2
352,0.1764,0.0,1,4.5,1.5432158,1,453.23,0.9744586947497169,0.0,2.054,0,0.0,0.1
353,0.7144,3.802997452007533,1,3.7,2.4535868,1,631.87,0.8333594902539229,0.0,5.589,0,3.0,0.1
354,0.3807,4.743785256362801,2,3.7,2.9161272,1,675.41,1.0823081429408299,0.0,2.839,0,4.0,0.2
355,0.2514,0.0,1,4.5,2.6066921999999995,1,688.04,1.027072125204981,0.0,2.51,0,0.0,0.1
356,0.3222,0.0,1,4.5,2.2230908,1,667.74,0.9611106167126484,0.1497588881900141,3.021,1,0.0,0.1
357,0.3218,1.2465567953685979,1,4.0,2.5362596,1,642.57,1.4568987992086737,0.0,2.996,0,1.0,0.2
358,0.5109,1.3521041170810757,1,4.0,2.6360921999999998,1,592.41,1.2781629116117972,0.0,4.53,0,1.0,0.3
359,0.4781,0.0,1,4.0,1.2442962,1,690.36,1.0973897596057374,0.0,5.538,0,0.0,0.2
360,0.2942,0.0,1,4.5,2.0741503999999997,1,665.96,1.4997781393284997,0.0,3.201,0,0.0,0.1
361,0.4222,1.2194936284883455,1,3.7,3.4300097999999997,1,656.83,1.252330266402058,0.0,3.256,0,1.0,0.3
362,0.5266,0.0,1,4.0,2.5752146,1,673.36,1.1639683541516757,0.0,3.899,0,0.0,0.3
363,0.5577,0.0,1,4.0,2.6096714,1,640.55,1.444748746038111,0.0,4.427,0,0.0,0.2
364,0.358156,0.0,1,4.0,2.6651492,1,611.39,1.191091861141639,0.0,3.926,0,0.0,0.4
365,0.67422,0.0,1,4.0,2.0816082,1,711.45,1.1133350012509369,0.0,4.25,0,0.0,0.3
366,0.5502560000000001,2.4364277892687674,1,4.0,2.1933184,1,657.52,0.9251725281017368,0.15208662854361846,4.297,1,2.0,0.3
367,0.648652,1.2668237675750051,2,4.0,1.8142543999999998,1,632.29,1.3480411277362563,0.0,3.535,0,1.0,0.4
368,0.54094,0.0,1,3.0,2.2147608,1,727.0,0.8969710188391232,0.0,3.581,0,0.0,0.7
369,0.612136,5.871745249824067,1,2.0,2.2677102,1,682.08,1.5942175349501473,0.0,5.425,0,5.0,0.5
370,0.74324,14.208425720620843,1,1.0,1.8891067999999998,1,676.5,1.5369836695485033,0.0,4.702,0,12.0,0.4
371,0.613496,0.0,1,3.0,2.184959,1,504.93,1.8008907213287006,0.0,4.358,0,0.0,0.4
372,0.7752,0.0,1,3.0,1.5714299999999999,1,682.38,1.7423107936873665,0.0,4.239,0,0.0,0.6
373,0.68408,0.0,1,4.0,1.8241817999999999,1,665.05,2.0991888828369953,0.0,4.311,0,0.0,0.4
374,0.77112,0.0,1,3.0,1.9466719999999997,1,628.11,2.3187459177008445,0.0,3.523,0,0.0,0.6
375,0.634916,4.888841417825045,1,3.0,2.2463168000000002,1,655.37,1.8583964778819326,0.0,4.428,0,4.0,0.4
376,0.84048,0.0,1,3.5,1.3248031999999998,1,722.29,1.6462866635801672,0.0,2.667,0,0.0,0.4
377,0.53754,1.3746589095402357,1,3.0,1.5954988,1,582.69,2.275852815885677,0.0,2.829,0,1.0,0.7
378,0.69496,2.3220420054789757,1,3.5,1.528114,1,689.91,0.7994593584194946,0.0,3.826,0,2.0,0.5
379,0.94588,3.9301310043668125,1,3.5,1.5037217999999999,1,407.62,0.8658008658008663,0.0,2.214,0,2.0,0.4
380,0.5015000000000001,10.563256454590745,1,1.0,2.2118208,1,682.46,1.0884531211501935,0.0,3.353,0,9.0,0.5
381,0.589968,0.0,2,3.5,1.3082215999999998,2,691.36,0.9413551502299567,0.14464244387873176,3.039,1,0.0,0.4
382,0.25772,9.700272479564031,1,2.0,1.4353863999999998,1,495.45,1.5225298642444047,0.0,1.955,0,6.0,0.5
383,0.5860240000000001,4.490287860526389,1,2.5,1.8406556,1,713.54,1.624110737329742,0.0,4.601,0,4.0,0.4
384,0.85884,10.224172317510968,1,1.0,1.1446792,1,626.75,1.2556717922863667,0.0,3.774,0,8.0,0.5
385,0.6709560000000001,6.000629279475001,1,1.0,1.9213194,1,667.43,1.6561804706263734,0.0,3.669,0,5.0,0.5
386,0.7976400000000001,1.3366485331909355,1,3.0,2.2079106,1,599.26,1.520106489622192,0.0,2.569,0,1.0,0.7
387,0.7140000000000001,5.9019437362766904,1,1.0,1.8625193999999998,1,678.59,1.8485036955609837,0.14736438792201476,5.224,1,5.0,0.9
388,0.556852,1.6637587238285143,1,3.0,1.7197432000000001,1,481.44,1.5963208993357185,0.0,4.105,0,1.0,0.7
389,0.610844,0.0,2,2.5,1.4952644,1,454.86,1.6646489104116198,0.0,3.409,0,0.0,0.9
390,0.79288,21.677617236246633,1,1.0,1.8753672,1,665.11,1.5658068048957423,0.0,2.955,0,18.0,0.9
391,0.9608400000000001,4.993765586034913,1,1.0,1.5954988,1,481.2,1.4298004834282474,0.20781379883624274,4.434,1,3.0,0.8
392,1.326,57.09887309844842,1,1.0,1.9519247999999998,1,659.33,2.282394439257181,0.0,4.514,0,47.0,0.5
393,0.9527,2.275115744028176,1,2.5,1.7463992,1,704.14,1.8551815457523255,0.0,3.787,0,2.0,0.4
394,0.8863,6.914908923484216,2,3.5,1.7052294,1,695.02,1.6290886445020014,0.5755230065321861,3.741,4,6.0,0.2
395,0.9164,1.1318195305986913,1,3.5,1.8396756,1,707.71,1.41529803446306,0.0,3.572,0,1.0,0.3
396,0.625,0.0,1,3.5,1.4748803999999998,1,691.15,1.2374787442305726,0.0,2.747,0,0.0,0.3
397,0.6617,3.9618162033831243,3,2.0,2.1300888,2,606.54,1.2246360290525327,0.0,3.179,0,3.0,0.3
398,0.754,28.48337580750311,1,1.0,1.2332417999999998,2,674.92,1.521850149558629,0.0,4.284,0,24.0,0.2
399,0.6884,3.6376021798365126,2,3.0,2.2053724,1,660.6,2.5749933634191553,0.0,3.376,0,3.0,0.4
400,0.6761,0.0,1,3.0,1.7247902,1,646.74,2.0565786285437424,0.0,3.762,0,0.0,0.4
401,0.564,27.316906812174945,3,1.0,1.5200682,2,703.74,2.554729364848592,0.0,3.469,0,24.0,0.6
402,0.8261,5.46589784707769,2,3.0,1.9789335999999997,2,586.18,2.2642390289449184,0.8529803132143712,4.195,5,4.0,0.3
403,0.5149,2.5863321547924643,2,3.0,2.0233863999999997,2,619.41,1.9020620189414323,0.0,2.734,0,2.0,0.4
404,0.7064,51.079741441780925,1,1.0,2.2368402,1,689.98,2.2801948787672814,0.0,3.964,0,44.0,0.3
405,0.6665,16.96051721460736,1,1.0,2.0638898,1,708.41,1.7311933859534767,0.0,4.51,0,15.0,0.7
406,0.6375,2.6982870424954943,1,3.0,2.3787932,1,593.71,0.6725444598731838,0.0,3.561,0,2.0,0.6
407,0.7896,1.4552523527488102,1,2.5,2.4767442,1,550.42,0.6856482985096294,0.0,2.793,0,1.0,0.6
408,0.6821,3.6341913432745523,3,3.0,2.4200708,1,661.22,1.019415295720244,0.0,3.215,0,3.0,0.4
409,0.3623,0.0,2,3.5,1.9779634,1,693.19,1.6584383157416782,0.0,3.218,0,0.0,0.2
410,0.5291,0.0,2,3.0,2.494933,1,676.95,1.8116152239498737,0.0,3.304,0,0.0,0.6
411,0.5034,1.2104451899537583,2,3.0,2.0206032,1,661.74,1.065976946192832,0.0,2.668,0,1.0,0.6
412,0.7075,2.8568880962995986,2,3.0,2.4818892,1,560.75,0.8434714952609955,0.0,2.843,0,2.0,0.5
413,0.6575,26.776760045463664,1,1.0,2.737091,1,598.28,1.7618758312671414,0.0,4.142,0,20.0,0.4
414,0.9486,9.237536656891495,3,1.0,1.9892530000000002,1,606.98,1.8816074488377335,0.0,3.999,0,7.0,0.8
415,0.8191,7.660856466537551,1,3.0,1.9802761999999998,1,418.23,2.0355101658390327,0.0,4.547,0,4.0,0.5
416,0.8265,6.013423221873546,2,2.0,1.9398511999999999,1,666.01,1.4778106508875752,0.0,2.846,0,5.0,0.8
417,0.7897,8.552862394557408,1,2.5,1.9526303999999999,1,655.57,1.5704998273350934,0.0,3.427,0,7.0,0.4
418,0.9005,0.0,2,3.5,1.8311887999999998,1,499.35,1.9459608058751854,0.0,3.356,0,0.0,0.3
419,0.5967,1.6828438169670994,2,3.0,1.7113446,1,475.98,1.638734475418984,0.0,3.514,0,1.0,0.4
420,0.9427,4.654135556782197,1,2.0,1.8209673999999998,2,688.42,1.9945047905129325,0.43578048284477505,4.133,3,4.0,0.6
421,0.7222,40.53402393284515,1,1.0,2.3876524,1,671.88,2.091135625081973,0.0,2.145,0,34.0,0.8
422,0.8467,2.4679566181907813,1,2.0,1.6608256000000001,1,649.12,1.7749867594764344,0.0,2.803,0,2.0,0.7
423,0.9242,33.5617873282854,1,1.0,2.0839504,1,668.26,2.4380985750992825,0.0,3.728,0,28.0,0.9
424,0.9858,4.958907925894971,1,2.0,2.4740982,1,646.11,1.5901302261823076,0.0,4.027,0,4.0,0.6
425,0.759,7.443085024004955,1,2.0,2.5335351999999998,2,645.7,1.5220839433870035,0.0,4.186,0,6.0,0.6
426,0.896,10.944331667707681,1,1.0,1.6206456,1,512.32,2.086996407002515,0.19519050593379136,3.188,1,7.0,0.7
427,0.7759,2.356159548182139,3,2.5,2.0752774,1,679.92,2.5749043545544468,0.14707612660312977,3.639,1,2.0,0.5
428,0.4522,2.44617498854787,1,3.0,1.5779568,1,327.45,2.1017699115044337,0.0,3.672,0,1.0,0.3
429,0.2408,39.55785376056706,1,1.0,1.2779003999999998,1,344.23,3.219185784975256,0.0,1.897,0,17.0,0.7
430,0.6357,5.92797619928657,2,2.5,2.0332942000000003,2,675.61,2.5276643631064855,0.0,3.348,0,5.0,0.3
431,0.5597,49.58966827919834,1,1.0,1.118425,1,694.56,2.9388336896826512,0.0,3.863,0,43.0,0.8
432,0.8319,0.0,1,3.0,2.3559298,1,455.1,2.8415277214406185,0.21973192704900021,3.875,1,0.0,0.5
433,0.7137,0.0,1,2.0,1.47784,1,399.44,1.729524934189492,0.0,3.94,0,0.0,0.7
434,0.668,27.344247032353163,1,1.0,1.9563739999999998,1,644.45,1.5535730652897801,0.15517107611141284,3.714,1,22.0,0.8
435,0.8866,34.653893695920885,1,1.0,2.1207984,1,647.2,2.4860629802621665,0.0,3.848,0,28.0,0.6
436,0.5772,0.0,1,3.5,1.1440519999999998,1,301.37,1.4389900905909598,0.33181803099180407,3.386,1,0.0,0.2
437,0.595,0.0,1,3.5,1.3709122,1,490.46,2.2618122396923184,0.0,3.285,0,0.0,0.3
438,0.7203,17.45206673306773,1,1.0,1.000482,1,642.56,1.7327073360962917,0.0,3.552,0,14.0,0.9
439,0.9661,6.07536179120779,2,2.0,1.1615646,1,659.22,2.3797183432303064,0.0,3.23,0,5.0,0.4
440,0.7987,18.470407378939278,1,1.0,1.5921766000000002,1,520.4,3.99586761613105,0.0,4.132,0,12.0,0.7
441,0.7199,5.485080375943712,2,2.0,2.9180872,1,584.13,1.597008136655383,0.0,4.019,0,4.0,0.4
442,0.5778,1.6031221855298712,1,1.5,2.0607146,1,499.65,1.575888899832562,0.20014009806864808,3.327,1,1.0,0.8
443,0.8163,18.11452177059462,1,1.0,1.8914784,1,663.28,2.04395085066163,0.0,4.627,0,15.0,0.9
444,0.6655,21.273359408952626,3,1.0,1.7265542,1,414.18,2.8225522629689523,0.0,2.927,0,11.0,0.8
445,0.4452,7.351883862874975,1,1.5,1.5574845999999998,1,653.71,3.073661111440605,0.0,3.165,0,6.0,0.4
446,0.5241,1.2790214926707757,2,3.0,1.9148416,1,626.26,2.058115166869971,0.3193561779452624,3.097,2,1.0,0.4
447,0.3937,2.5862068965517238,2,2.5,2.4838785999999997,2,619.44,1.5699485158583861,0.0,2.469,0,2.0,0.4
448,0.432,0.0,1,4.0,2.7020364,1,518.13,1.2163733770566807,0.0,2.636,0,0.0,0.2
449,0.5923,0.0,1,3.7,2.0051486,1,557.3,1.3820318168144359,0.0,5.053,0,0.0,0.3
450,0.4557,0.0,1,4.0,2.760954,1,654.36,1.0943168077388163,0.0,2.187,0,0.0,0.1
451,0.5568,0.0,1,4.0,2.0097742,1,637.6,1.4863570347022657,0.15683814303638646,4.838,1,0.0,0.15
452,0.7238,0.0,1,4.0,3.243359,1,643.87,1.9103913712466238,0.0,4.716,0,0.0,0.2
453,0.631,0.0,1,4.0,2.0954752,1,522.02,1.969916057914407,0.0,2.975,0,0.0,0.25
454,0.7439,0.0,1,3.7,2.4985884,1,632.72,1.8749709216668349,0.0,5.026,0,0.0,0.4
455,0.5255,0.0,1,4.0,1.9649293999999997,1,646.84,0.8446386142408202,0.0,2.409,0,0.0,0.2
456,0.6762,0.0,1,4.0,2.3757943999999998,1,662.9,2.294869338364268,0.1508523155830442,3.757,1,0.0,0.3
457,0.6437,0.0,1,4.0,1.8763471999999999,1,674.87,1.0788150623689978,0.0,3.026,0,0.0,0.25
458,0.6327,0.0,1,4.0,2.4862796,1,601.35,1.6244601491951234,0.0,2.991,0,0.0,0.25
459,0.6065,0.0,1,4.5,1.4977045999999998,1,632.54,1.907449910055218,0.0,3.631,0,0.0,0.15
460,0.7958,0.0,1,4.0,1.8171845999999998,1,437.76,2.3554603854389726,0.22843567251461988,3.029,1,0.0,0.25
461,0.8294,0.0,1,4.5,2.1210826000000003,1,683.29,1.366995784976042,0.0,4.788,0,0.0,0.15
462,0.8696,0.0,1,4.5,1.6636969999999998,1,678.06,0.8510264958764769,0.0,2.665,0,0.0,0.2
463,0.8836,0.0,1,4.5,2.4981278,1,686.35,1.3468061863968268,0.0,4.747,0,0.0,0.15
464,0.4853,0.0,1,4.0,1.4825831999999999,1,660.75,1.3864843889916967,0.3026863412788498,4.084,2,0.0,0.2
465,0.6443,0.0,1,4.0,1.7427437999999997,1,728.04,0.8903046638895801,0.4120652711389484,3.724,3,0.0,0.2
466,0.6613,0.0,1,4.0,2.5077906,1,495.95,0.7325714056964482,0.20163322915616494,4.184,1,0.0,0.2
467,0.661,0.0,1,4.0,2.7335336,1,570.87,1.526599047816191,0.0,5.057,0,0.0,0.3
468,0.7944,0.0,1,4.0,1.4195496,1,683.13,0.9353519533629231,0.0,4.755,0,0.0,0.2
469,0.7846,0.0,1,3.7,2.5176984,1,451.98,2.0288724151385003,0.0,4.558,0,0.0,0.3
470,0.8646,1.6780318224361546,1,3.5,1.6267411999999999,1,448.74,2.02611239683856,0.0,2.422,0,1.0,0.3
471,0.8188,1.6311411489472314,1,3.0,1.9550804,1,461.64,2.1202612161818335,0.0,4.889,0,1.0,0.6
472,0.6985,0.0,1,3.5,2.5941678,1,720.66,1.8655700201536094,0.0,3.603,0,0.0,0.3
473,0.6961,0.0,1,4.0,2.075395,1,695.77,1.5452319970567112,0.0,4.37,0,0.0,0.2
474,0.8012,0.0,1,3.7,2.1475328,1,665.71,2.0164554539968402,0.15021555932763514,4.275,1,0.0,0.3
475,0.5176,0.0,1,3.7,3.127866,1,681.37,0.8397124312367176,0.0,3.796,0,0.0,0.3
476,0.70924,1.2611164146108627,1,3.5,2.157127,1,597.09,1.0621375310687604,0.16747893952335494,4.969,1,1.0,0.5
477,0.80104,0.0,1,3.5,1.462062,1,463.52,1.0904124789279417,0.0,4.878,0,0.0,0.6
478,0.531692,0.0,1,4.0,1.5151485999999998,1,556.92,1.1869910044179584,0.0,3.769,0,0.0,0.5
479,0.8500000000000001,0.0,1,3.5,2.3048326,1,683.75,2.9508615550571955,0.0,5.381,0,0.0,0.6
480,0.647292,0.0,1,4.0,1.7786313999999999,1,666.48,1.7932660428792397,0.0,5.756,0,0.0,0.4
481,0.63002,0.0,1,3.5,2.4971772,1,674.17,2.0983996979466246,0.0,4.901,0,0.0,0.5
482,0.411468,0.0,1,3.5,1.838725,1,703.32,1.0300574130361275,0.0,2.98,0,0.0,0.5
483,0.6251920000000001,0.0,1,4.0,2.6854449999999996,1,571.54,1.0525951317475226,0.0,4.405,0,0.0,0.4
484,0.48994000000000004,0.0,1,4.0,3.8232054,1,690.76,0.8298159473971306,0.0,2.603,0,0.0,0.5
485,0.6009160000000001,0.0,1,4.0,2.308439,1,675.5,2.7091644942460786,0.0,3.464,0,0.0,0.5
486,0.566508,0.0,1,3.0,1.8280332,1,638.61,1.8157498231911606,0.3131801882212931,3.223,2,0.0,0.7
487,0.6538200000000001,0.0,1,3.5,1.5268693999999998,1,350.4,1.7221069164750218,0.0,3.605,0,0.0,0.4
488,0.5290400000000001,0.0,1,3.5,2.3977366,1,476.64,1.1243413682944066,0.0,4.207,0,0.0,0.5
489,0.662864,0.0,1,4.0,2.1198478,1,683.95,0.9758357584444554,0.14620951823963738,5.287,1,0.0,0.5
490,0.672656,0.0,1,4.0,1.8006422,1,628.45,1.4458889394200627,0.0,4.058,0,0.0,0.4
491,0.61982,0.0,1,4.0,1.3152971999999998,1,652.73,1.2376874309663874,0.0,4.407,0,0.0,0.6
492,0.5393760000000001,1.0874431366885695,1,4.0,2.848566,1,692.45,1.3870889645252722,0.14441475918838903,3.749,1,1.0,0.5
493,0.648448,0.0,1,4.0,2.0278356,1,634.8,1.7823988117341403,0.15752993068683052,4.1,1,0.0,0.4
494,0.6256680000000001,0.0,1,3.5,1.9783161999999999,1,630.26,1.6540274006803393,0.47599403420810454,6.286,3,0.0,0.6
495,0.7799600000000001,0.0,1,3.5,1.9775224,1,541.09,1.7468359027437315,0.0,4.604,0,0.0,0.6
496,0.558144,0.0,1,4.0,2.3854866,1,400.42,2.0259358942989905,0.2497377753358973,3.41,1,0.0,0.5
497,0.534956,0.0,1,4.0,2.6382579999999995,1,487.73,1.2732278045423189,0.2050314723310028,4.167,1,0.0,0.5
498,0.484976,0.0,1,3.5,2.4592218,1,664.08,1.4162287343012325,0.15058426695578844,4.473,1,0.0,0.5
499,0.503268,1.1021985421118885,1,4.0,2.4114468,1,683.18,2.053046594982086,0.0,3.298,0,1.0,0.5
500,0.53856,0.0,1,4.0,1.6798768,1,639.78,1.4828844643599568,0.6252149176279347,4.072,4,0.0,0.4
501,0.602616,0.0,1,3.5,1.5744778,1,676.9,2.6099217311233867,0.0,2.935,0,0.0,0.6
502,0.6538200000000001,0.0,1,4.0,1.1864762,1,672.88,2.5799913131605687,0.7430745452383783,3.448,5,0.0,0.4
503,0.638792,0.0,1,4.0,2.0289724000000002,1,536.53,1.7524262955502745,0.0,2.179,0,0.0,0.5
504,0.6699,0.0,1,3.0,2.9549744000000002,1,650.22,1.5981113229819222,0.0,4.384,0,0.0,0.4
505,0.9211,0.0,1,2.5,3.2795112,1,429.24,1.7622556872797155,0.0,5.009,0,0.0,0.7
506,0.5082,0.0,2,3.0,2.8284956,1,683.27,1.117237586651041,0.0,2.692,0,0.0,0.3
507,0.915,0.0,1,3.0,2.0329218,1,540.37,1.3779383851657094,0.0,3.691,0,0.0,0.4
508,0.7798,0.0,1,2.5,1.9517876,1,646.91,2.2026365120638642,0.15458100817733533,3.916,1,0.0,0.6
509,0.8565,0.0,2,3.0,2.1367528,1,448.81,1.093064768495048,0.44562286936565587,2.846,2,0.0,0.2
510,2.643,0.0,2,2.5,1.9099024,1,705.2,2.1221668586656253,0.0,0.3633,0,0.0,0.7
511,0.4908,0.0,1,3.0,2.7957734,1,501.32,2.259655690082076,0.0,3.787,0,0.0,0.4
512,0.6335,2.3020834925633222,1,1.5,2.518943,1,654.19,2.8916234951830875,0.45858236903651844,3.902,3,2.0,0.8
513,0.7749,3.376782564501181,1,2.5,2.8291326,1,668.98,2.325853031785191,0.0,3.942,0,3.0,0.7
514,0.4443,5.296351870955641,1,3.0,2.1668976,1,426.52,2.4539736992567223,0.46891118822095096,2.078,2,3.0,0.5
515,1.108,1.0673886542114366,1,2.5,1.8324627999999998,1,705.46,2.9000867135562105,0.14175148130297963,3.997,1,1.0,0.7
516,0.6855,1.1362950443653046,1,2.5,1.969653,1,662.68,2.3272952378145058,0.0,4.551,0,1.0,0.8
517,0.3661,0.0,1,2.5,2.2010212,1,657.29,2.4155234871429396,0.30427969389462795,2.43,2,0.0,0.6
518,0.7377,0.0,1,3.0,2.5987248,1,629.81,2.0833009437042476,1.1114463092043634,3.472,7,0.0,0.4
519,0.5062,0.0,1,3.0,1.3285369999999999,1,621.17,2.1856546728604043,0.16098652542782171,3.98,1,0.0,0.5
520,0.7158,1.1382359610006803,1,2.5,2.2295196,1,661.55,2.9786173114715715,0.4534804625500718,4.989,3,1.0,0.7
521,0.6766,0.0,1,2.5,2.821665,1,672.29,3.6488713722680095,0.14874533311517352,3.894,1,0.0,0.7
522,0.7021,0.0,2,2.5,1.8318257999999998,1,557.34,3.5259905488913126,0.0,4.055,0,0.0,0.7
523,0.6655,0.0,1,3.0,1.3979405999999999,1,593.1,3.9825157843613437,0.0,4.753,0,0.0,0.5
524,0.9184,0.0,1,2.5,0.5382944,1,541.97,2.7734424053244218,0.9225602893149066,3.558,5,0.0,0.7
525,1.075,0.0,1,2.5,1.8780034,1,497.24,1.7933322799810365,0.0,2.982,0,0.0,0.5
526,0.6528,6.779711884753901,1,3.0,2.10945,1,666.4,2.3818591978437276,0.4501800720288115,3.085,3,6.0,0.4
527,0.5726,0.0,1,2.5,1.9453979999999997,1,688.27,2.139850992435885,0.0,4.229,0,0.0,0.8
528,0.5076,2.1730661010345873,1,3.0,2.3373391999999997,1,693.03,3.649482816149483,0.0,4.277,0,2.0,0.5
529,0.7289,7.4386288423860245,2,2.5,1.6058084,1,607.37,4.009545784998578,0.987865716120322,5.749,6,6.0,0.7
530,0.8128,0.0,1,3.0,2.3863588,1,583.42,2.7681949235871564,0.17140310582427754,4.137,1,0.0,0.5
531,0.8964,0.0,1,3.0,2.1284914,2,625.94,1.7162058190839498,1.4378374924114132,3.678,9,0.0,0.4
532,0.7968,1.3378104679671676,1,1.5,2.3693557999999997,1,562.86,3.163870967741933,0.0,4.36,0,1.0,0.8
533,0.6603,0.0,1,1.5,1.7297588,1,628.77,4.539450711281822,0.0,4.57,0,0.0,0.9
534,0.6265,0.0,1,2.5,2.3844772,1,475.86,3.462966344105652,0.0,3.591,0,0.0,0.7
535,0.6345,2.782036835202187,1,2.0,0.9949547999999999,2,541.33,3.169662820856795,0.7389208061625995,4.512,4,2.0,0.7
536,0.6938,2.174258283404317,2,2.0,1.8772488,1,692.65,2.1155422401854143,0.28874611997401284,3.849,2,2.0,0.7
537,0.585,0.0,1,2.5,2.7414226,1,675.93,2.057583353860873,0.0,4.357,0,0.0,0.7
538,0.6341,0.0,1,2.5,2.1438088,2,663.95,1.9623767054515333,0.301227502070939,4.297,2,0.0,0.7
539,0.6336,0.0,1,2.5,2.0223573999999997,1,685.92,0.9516108070641625,0.145789596454397,3.662,1,0.0,0.6
540,0.5037,0.0,1,2.0,2.8376977999999995,1,603.75,0.984009840098401,0.16563146997929606,3.317,1,0.0,0.8
541,0.6968,2.5687384867298904,2,1.5,1.772281,1,586.28,3.038121227156207,0.0,4.003,0,2.0,0.8
542,0.4826,3.583780182123933,2,1.5,1.8978483999999998,1,630.34,2.4830210863410564,0.3172890820826855,3.149,2,3.0,0.7
543,0.5894,0.0,2,3.0,2.2656522,1,667.71,2.850283718900032,0.0,3.013,0,0.0,0.5
544,0.6346,0.0,1,2.0,1.2294296,1,631.1,5.943545262153864,0.15845349389954047,3.741,1,0.0,0.9
545,0.649,0.0,1,2.0,2.130863,1,510.4,5.0277250567526295,0.19592476489028215,4.093,1,0.0,0.8
546,0.5521,0.0,1,2.0,3.4990704,1,622.69,2.1758255569170686,0.0,4.158,0,0.0,0.8
547,0.638,0.0,1,3.0,2.8206752,1,674.49,2.4796136718524058,0.14826016694094798,3.422,1,0.0,0.4
548,0.5585,1.125981308411215,1,1.5,1.7564148,1,668.75,5.997863428073425,0.0,4.791,0,1.0,0.9
549,0.6476,0.0,1,1.5,1.615824,1,469.66,5.516214693811853,0.2129199846697611,3.717,1,0.0,1.0
550,0.7797,2.243909707218953,1,2.0,2.201521,1,671.15,3.232550427498316,0.0,4.356,0,2.0,0.5
551,0.7476,0.0,1,1.5,1.2706092,1,462.05,4.424540790997846,0.0,3.268,0,0.0,0.9
552,0.6348,0.0,1,3.0,2.3455516,1,634.45,2.4253329642274895,0.0,4.32,0,0.0,0.3
553,0.7634,0.0,1,1.5,2.145808,1,622.85,5.379333394099591,0.0,5.405,0,0.0,1.0
554,0.463,1.2758386987461876,1,3.0,2.3131724,1,590.2,3.3852802514405367,0.0,2.103,0,1.0,0.4
555,0.5033,3.6756211458045196,1,1.5,1.6047696,1,614.59,5.549408329491319,0.0,4.262,0,3.0,1.0
556,0.6785,0.0,1,2.0,1.6718309999999998,2,638.8,5.399401711933187,0.0,3.91,0,0.0,0.7
557,0.6369,14.076228061065532,1,1.0,1.0633588,2,481.45,3.9635362642623484,0.4154117769238758,3.28,2,9.0,0.6
558,0.8798,2.444805194805195,1,1.5,1.7315424,1,616.0,2.1523310301008585,0.0,2.998,0,2.0,0.8
559,1.098,0.0,1,1.5,1.703779,1,658.28,6.691802860423257,0.0,3.1,0,0.0,0.9
560,0.3682,0.0,1,4.0,1.564962,1,536.24,1.421034248212221,0.0,2.49,0,0.0,0.2
561,0.2957,4.3996280367313725,2,3.7,1.7499859999999998,1,688.24,1.378499985670479,0.29059630361501804,2.992,2,4.0,0.25
562,0.2395,1.166553658386242,1,3.5,1.6426564,1,648.92,2.313748513450452,0.15410220057942428,2.166,1,1.0,0.4
563,0.1635,0.0,1,4.0,1.5826706000000001,1,623.6,2.3962686450360686,0.0,1.973,0,0.0,0.2
564,0.1771,0.0,1,4.0,1.6602866,1,650.48,1.585572500605183,0.0,1.658,0,0.0,0.21
565,0.2345,0.0,1,4.0,2.1619976,1,505.84,0.9419367472828754,0.0,2.538,0,0.0,0.2
566,0.2061,0.0,1,4.2,1.3281155999999998,1,656.42,1.75412338731404,0.0,1.925,0,0.0,0.1
567,0.3087,0.0,2,4.0,1.9773656,1,663.79,1.4417223459539772,0.0,1.985,0,0.0,0.2
568,0.2352,0.0,2,4.0,1.5662752,1,553.4,2.17948491329787,0.0,2.332,0,0.0,0.2
569,0.2245,0.0,2,3.5,1.2452174,1,456.46,2.5053931096349813,0.0,2.076,0,0.0,0.5
570,0.2171,0.0,2,4.0,2.8633444,1,669.33,1.4705882352941189,0.0,1.998,0,0.0,0.25
571,0.1673,0.0,2,3.7,2.7159622,1,676.16,1.147644040291812,0.44368196876478944,2.021,3,0.0,0.3
572,0.2099,0.0,1,4.0,1.8081588,1,657.87,1.5886550284970613,0.0,1.685,0,0.0,0.2
573,0.3511,0.0,1,4.0,1.8070905999999998,1,660.47,1.3502412211916124,0.0,1.899,0,0.0,0.25
574,0.1451,0.0,2,3.5,1.7506622,1,425.3,2.4787324298915414,0.0,1.753,0,0.0,0.4
575,0.1198,0.0,2,4.0,1.6980165999999999,1,598.42,1.4865421022306504,0.0,1.585,0,0.0,0.2
576,0.1534,0.0,1,4.0,1.9365388,1,674.97,1.1453008977870116,0.4444641984088182,1.721,3,0.0,0.2
577,0.1169,2.2407056594837793,1,4.0,1.8335016000000002,1,675.68,1.34474149133438,0.0,1.531,0,2.0,0.2
578,0.2357,0.0,1,4.5,1.6421664,1,704.06,1.5328242566641543,0.14203334943044627,2.142,1,0.0,0.15
579,0.2107,1.600524346153033,2,4.0,2.8319844,1,472.97,1.246502693448025,0.0,2.124,0,1.0,0.15
580,0.3498,2.390501152619446,3,4.0,2.2279516,1,633.34,0.6712461967943246,0.0,2.814,0,2.0,0.2
581,0.2949,0.0,1,3.7,2.4433262,1,663.52,2.053348685473033,0.0,2.448,0,0.0,0.4
582,0.4174,0.0,1,4.0,1.3164242,1,709.2,2.4953598680140203,0.0,2.982,0,0.0,0.2
583,0.1847,2.8404187460132833,3,3.7,2.0747678,1,533.02,1.919219799429582,0.0,2.219,0,2.0,0.3
584,0.3524,0.0,2,3.7,1.6634324,1,418.43,1.6869904372547655,0.0,2.795,0,0.0,0.3
585,0.4629,0.0,1,3.7,1.1259808,1,624.06,2.4738626951507356,0.16024100246771145,2.992,1,0.0,0.3
586,0.2366,0.0,2,3.7,2.8081214,1,695.39,2.2765918576708564,0.0,2.036,0,0.0,0.3
587,0.3015,0.0,2,3.7,1.9748469999999998,1,518.47,1.5438663121914158,0.0,2.302,0,0.0,0.4
588,0.279276,2.76838121011538,1,4.0,1.7952816,1,546.89,2.0068447741403794,0.0,1.618,0,2.0,0.3
589,0.346868,0.0,2,4.0,1.6693221999999999,1,562.12,1.150072099321205,0.0,1.657,0,0.0,0.4
590,0.43159600000000004,1.1778251466446765,1,4.0,2.1607627999999997,1,642.71,2.072191494872836,0.0,2.564,0,1.0,0.5
591,0.584528,0.0,1,4.0,1.4912562,1,674.61,2.152440351004428,0.14823379434043374,2.179,1,0.0,0.3
592,0.6749,1.1440575504775725,1,4.0,1.8323942,1,661.68,2.0531418843904974,0.30226091161890944,3.886,2,1.0,0.4
593,0.327896,0.0,2,4.0,2.2068228,1,577.31,2.1043885233670356,0.3464343247128926,1.859,2,0.0,0.3
594,0.289476,0.0,1,4.0,1.7760344000000001,1,649.57,1.5459933006956867,0.4618439891004818,2.943,3,0.0,0.5
595,0.43309200000000003,0.0,2,4.0,1.4233912,1,706.25,2.0199497787211538,0.0,2.678,0,0.0,0.5
596,0.5025200000000001,0.0,1,3.5,1.7315032,1,477.49,1.6336368505624008,0.6282854091185156,2.921,3,0.0,0.5
597,0.29926800000000003,1.2090913446948521,1,4.0,1.1057046,1,626.09,1.4760728279855848,0.7986072289926368,1.869,5,1.0,0.4
598,0.414868,0.0,1,4.0,1.651937,1,706.25,1.262442679789729,0.0,2.598,0,0.0,0.3
599,0.400656,0.0,1,4.5,1.247442,1,608.53,1.6834962436384315,0.0,2.222,0,0.0,0.3
600,0.5690240000000001,0.0,2,4.0,2.6382384,1,594.99,0.7506380423359856,0.0,3.632,0,0.0,0.3
601,0.547944,1.3299834850135284,2,4.0,1.81496,1,569.18,1.1136399173022604,0.0,2.745,0,1.0,0.3
602,0.43486,0.0,1,4.0,1.8715354,1,610.64,1.703100350922385,0.16376260972094853,2.437,1,0.0,0.3
603,0.377672,0.0,1,4.0,2.0366556,1,595.89,3.0489888225436457,0.0,2.359,0,0.0,0.7
604,0.5907840000000001,0.0,1,4.0,2.4232460000000002,1,653.12,1.2489038071910235,0.1531112199902009,3.218,1,0.0,0.3
605,0.32028,0.0,1,4.0,1.471274,1,557.83,1.8993018307159233,0.0,1.679,0,0.0,0.5
606,0.364208,1.3390172285704178,1,4.0,0.9623796,1,565.34,2.1936957198712763,0.17688470654827182,1.987,1,1.0,0.5
607,0.32592400000000005,2.2472243662055456,2,3.0,2.053247,1,673.72,0.8856327419307355,0.0,2.182,0,2.0,0.4
608,0.239632,0.0,1,3.0,1.2534102,1,462.01,3.536903643386574,0.6493365944460077,1.667,3,0.0,0.5
609,0.46614000000000005,0.0,1,4.0,1.2119072,1,560.14,1.722927924766659,0.1785267968722105,2.359,1,0.0,0.5
610,0.31082800000000005,0.0,1,4.0,1.2215896,1,666.04,1.4996006980389818,0.30028226532940966,1.937,2,0.0,0.4
611,0.535908,0.0,1,4.0,1.1759705999999999,1,503.08,2.034934667886976,0.0,2.055,0,0.0,0.4
612,0.335172,1.3717992860119965,1,4.0,0.9659076,1,551.83,2.0779359051708703,0.3624304586557454,1.962,2,1.0,0.5
613,0.559436,1.117953716420776,1,4.0,2.7286336,1,677.13,1.326086006149545,0.14768212898557145,1.97,1,1.0,0.7
614,0.41548,0.0,2,4.0,1.4876988,1,532.08,1.5450659659900283,0.0,3.861,0,0.0,0.5
615,0.212432,0.0,1,4.0,1.2497547999999998,1,637.65,2.3701253961692186,0.9409550693954364,1.514,6,0.0,0.5
616,0.318,2.29954889958839,1,4.0,0.7486024,1,658.39,1.352971142608848,0.4556569814243837,2.309,3,2.0,0.2
617,0.3545,2.270545890821836,3,3.5,1.6394322,1,666.8,2.8979175768166723,0.0,2.35,0,2.0,0.25
618,0.2595,15.738591080772032,2,3.0,1.417325,1,577.18,2.954182429592274,0.6930247063307807,2.133,4,12.0,0.3
619,0.3927,0.0,1,3.5,1.6202634,2,673.55,2.195536323638318,0.0,2.867,0,0.0,0.5
620,0.3579,0.0,2,3.5,0.9331755999999999,2,481.74,3.02749708120294,0.20758085274214305,1.941,1,0.0,0.4
621,0.3887,0.0,2,3.5,1.8677525999999998,2,682.94,2.8894007906037507,0.0,2.76,0,0.0,0.4
622,0.3028,0.0,2,3.5,1.6970855999999999,1,638.88,2.2910103080170092,0.6260956674179815,2.875,4,0.0,0.3
623,0.1011,0.0,2,3.5,1.6306318,2,610.78,2.043238388503979,0.16372507285765744,2.003,1,0.0,0.3
624,0.4652,3.676422974810594,1,3.0,0.892045,2,617.72,4.003232423696151,0.32377128796218346,2.494,2,3.0,0.3
625,0.361,2.259735219928656,2,3.0,1.9508173999999998,2,669.99,2.654520094150464,0.29851191808832966,2.979,2,2.0,0.3
626,0.4451,1.7312354205735718,1,2.0,1.3518021999999998,1,437.26,6.880763251485403,0.2286968851484243,3.576,1,1.0,0.9
627,0.3308,3.444614661226471,2,3.5,1.9808446,1,659.29,2.5857356048404974,0.15167832061763412,3.288,1,3.0,0.4
628,0.2511,1.2191586677832893,2,3.0,1.753024,2,620.92,4.36938810084862,0.8052567158410101,2.512,5,1.0,0.5
629,0.2321,1.1701963209151338,2,3.5,1.7367168,2,646.9,2.429827604410192,0.0,2.111,0,1.0,0.3
630,0.2221,6.519904225449159,1,3.0,1.4707742,2,580.53,1.9937873518587397,0.8612819320276299,1.83,5,5.0,0.5
631,0.1901,4.775573289594045,1,3.5,1.6392263999999999,2,634.06,2.964357314478981,0.0,1.844,0,4.0,0.3
632,0.32,10.220752042125161,1,2.5,1.1066748,2,592.52,4.335050131585324,0.0,2.697,0,8.0,0.8
633,0.4085,12.226686317659649,1,2.5,1.630769,1,495.31,3.081829922122647,0.0,2.242,0,8.0,0.3
634,0.4385,15.157956348289513,2,2.5,0.9282658,2,649.23,3.0725131007300472,0.0,2.519,0,13.0,0.3
635,0.3454,2.287734779915079,3,3.0,1.2779493999999998,2,661.79,1.2297956807904138,0.15110533552939756,2.652,1,2.0,0.5
636,0.2311,1.2797538544766027,1,3.0,2.0593719999999998,1,591.52,2.7617043661231038,0.3381119826886665,2.361,2,1.0,0.5
637,0.4001,0.0,2,3.5,1.5441664000000002,2,616.22,1.3590305901938513,0.0,2.125,0,0.0,0.3
638,0.325,0.0,2,3.5,1.3043702,2,666.64,1.9185499058380362,0.1500060002400096,3.178,1,0.0,0.3
639,0.3133,15.657965498696894,2,1.5,1.7046805999999999,3,483.46,2.0165785046918474,0.0,2.506,0,10.0,0.4
640,0.3645,0.0,2,2.5,1.1728934,2,643.81,0.8928433983467108,1.2426026312110716,2.947,8,0.0,0.6
641,0.3166,3.450790901217122,2,3.0,1.4049770000000001,2,658.11,1.309159618499193,0.0,2.63,0,3.0,0.2
642,0.2377,2.229355636706326,2,3.0,1.2151607999999998,2,679.12,3.1309284379591262,0.0,2.752,0,2.0,0.4
643,0.3483,0.0,2,3.0,1.105881,2,685.18,1.2979155562598286,0.8756823024606673,3.788,6,0.0,0.3
644,0.369,2.2066110884393404,2,3.0,1.435014,1,686.12,2.191050478267688,0.0,2.843,0,2.0,0.3
645,0.2606,2.2105416849175064,1,3.0,1.5709792,1,684.9,1.3012839911806628,0.0,2.063,0,2.0,0.4
646,0.3776,10.28148449967743,2,1.5,2.183636,1,589.02,4.317738791423008,0.0,2.504,0,8.0,0.3
647,0.36,1.0981677861111514,2,2.5,1.8881562,1,689.33,2.0893699221635025,0.0,2.267,0,1.0,0.4
648,0.3102,0.0,2,3.0,2.396149,1,658.71,1.6322202974732618,0.30362374944968196,2.986,2,0.0,0.4
649,0.3819,7.526596626122692,1,1.5,1.2469226,1,603.46,6.182858386580225,2.3199549265899977,3.445,14,6.0,0.8
650,0.725,9.319217038040135,1,1.5,1.2938254,1,568.61,2.080283800306539,0.3517349325548267,4.423,2,7.0,0.7
651,0.3533,0.0,1,3.0,1.46657,1,664.58,2.3738872403560785,0.6018838965963464,3.215,4,0.0,0.4
652,0.3069,2.2252597851169216,1,3.0,1.3066242000000001,2,680.37,2.9470921358572344,0.0,2.041,0,2.0,0.2
653,0.3121,0.0,3,3.0,1.2391315999999999,1,641.75,5.045498261448549,0.3116478379431243,2.448,2,0.0,0.3
654,0.3439,7.813905478139055,1,1.5,1.1989319999999999,1,678.15,2.6401929537427837,0.737300007373,2.16,5,7.0,0.3
655,0.2488,4.504343686778531,1,2.0,1.1612608,2,672.24,3.033450170929071,0.0,2.019,0,4.0,0.2
656,0.3472,0.0,1,2.5,1.8515532,1,674.03,2.56302763964381,0.0,2.958,0,0.0,0.8
657,0.4033,2.3906521395862943,2,3.0,2.4355645999999997,1,633.3,3.7084340646809433,0.0,2.736,0,2.0,0.5
658,0.2868,9.024662841815067,1,1.0,0.6867741999999999,1,671.05,2.0536548341896386,0.447060576708144,1.776,3,8.0,0.3
659,0.379,0.0,1,2.5,1.6100224,2,613.12,2.4626153356665634,0.0,2.856,0,0.0,0.4
660,0.2639,0.0,1,3.0,0.8841658,1,641.14,5.517403990686441,0.15597217456405776,1.985,1,0.0,0.5
661,0.2828,0.0,1,3.0,1.103382,1,663.81,5.34713607391881,0.0,2.122,0,0.0,0.5
662,0.2611,0.0,1,3.0,1.6211159999999998,1,633.35,2.4038831959318934,0.15789058182679402,1.852,1,0.0,0.3
663,0.3003,2.412479882722246,1,2.5,0.8125278,1,627.57,4.7852407033727244,0.0,1.885,0,2.0,0.5
664,0.2254,0.0,3,3.0,1.6166276,2,704.02,1.7993639457680046,0.28408283855572286,2.215,2,0.0,0.3
665,0.3114,0.0,3,2.5,0.6638029999999999,2,656.75,2.6777511039981103,0.0,1.728,0,0.0,0.5
666,0.3613,0.0,1,2.5,1.1005498,1,656.89,5.490252499820152,0.6089299578316004,2.482,4,0.0,0.5
667,0.4058,1.2348699879286158,1,3.0,1.4476168,1,613.02,3.595017927910929,0.1631268147858145,2.426,1,1.0,0.3
668,0.4092,6.943998532312066,1,1.5,1.4634144,2,654.09,2.7071650626961477,0.6115366386888654,2.131,4,6.0,0.4
669,0.3842,1.2067398893688928,2,2.5,1.3827604,1,627.31,4.231867242721711,1.434697358562752,2.653,9,1.0,0.5
670,0.3361,0.0,1,3.0,1.6205182,1,619.6,6.609390308237248,0.0,2.475,0,0.0,0.4
671,0.2772,0.0,1,2.5,1.0418184000000001,1,655.2,2.888734085283613,0.6105006105006106,1.877,4,0.0,0.5
